title	category	speaker	date	url
汉马培育与北朝诸王的崛起	文字斋讲座	尚永琪	2019-07-13	http://news.cqu.edu.cn/newsv2/show-24-708-1.html
第101讲：社会主义核心价值观中的自由、平等、公正、法治概念之关系	文字斋讲座	王胜强	2019-06-28	http://news.cqu.edu.cn/newsv2/show-24-705-1.html
【文字斋讲座】中华人民共和国史研究的热点和难点问题	文字斋讲座	王瑞芳	2019-06-27	http://news.cqu.edu.cn/newsv2/show-24-706-1.html
同煤集团科学技术委员会主任、教授级高工于斌学术报告	工程科学前沿讲坛	于斌	2019-06-25	http://news.cqu.edu.cn/newsv2/show-24-704-1.html
美国医学与生物工程院会士Lijie Grace Zhang学术讲座	工程科学前沿讲坛	Dr. Lijie Grace Zhang	2019-06-14	http://news.cqu.edu.cn/newsv2/show-24-701-1.html
加拿大皇后大学姚仲文教授学术讲座	工程科学前沿讲坛	姚仲文 教授	2019-06-10	http://news.cqu.edu.cn/newsv2/show-24-703-1.html
美国加州大学伯克利分校Shaofan Li教授学术讲座	工程科学前沿讲坛	Shaofan Li	2019-06-10	http://news.cqu.edu.cn/newsv2/show-24-700-1.html
【传媒大讲坛】当下影视文化的变迁与符号双轴逆转	传媒大讲坛	王立新	2019-06-06	http://news.cqu.edu.cn/newsv2/show-24-697-1.html
北京石油化工学院宇波教授学术讲座	工程科学前沿讲坛	宇波 教授	2019-06-06	http://news.cqu.edu.cn/newsv2/show-24-699-1.html
西安交通大学王秋旺教授学术报告	工程科学前沿讲坛	王秋旺教授	2019-06-06	http://news.cqu.edu.cn/newsv2/show-24-698-1.html
安赛乐米塔尔公司蔡焕堂博士学术讲座	工程科学前沿讲坛	蔡焕堂博士	2019-06-05	http://news.cqu.edu.cn/newsv2/show-24-684-1.html
冶金过程混沌工程学	工程科学前沿讲坛	王华教授	2019-06-05	http://news.cqu.edu.cn/newsv2/show-24-696-1.html
第一百讲：五四：文明自觉还是文化自觉	文字斋讲座	许纪霖	2019-05-30	http://news.cqu.edu.cn/newsv2/show-24-694-1.html
重庆大学90周年校庆・前锋大讲堂 “民法规范论”学术讲座		王轶	2019-05-30	http://news.cqu.edu.cn/newsv2/show-24-692-1.html
【文字斋讲座】第九十九讲：从认知符号、语汇、词典、OWL知识本体到计算机词典编撰系统	文字斋讲座	顾曰国	2019-05-29	http://news.cqu.edu.cn/newsv2/show-24-687-1.html
【传媒大讲坛】地方创生与艺术介入：基于日本越后妻有大地艺术节的案例分享	传媒大讲坛	向勇	2019-05-27	http://news.cqu.edu.cn/newsv2/show-24-681-1.html
第三十一讲：新疆考古学研究的学术前沿与思考	博雅讲座	李肖	2019-05-27	http://news.cqu.edu.cn/newsv2/show-24-686-1.html
第九十八讲：社会学中的语文学方法：以葛兰言为开端	文字斋讲座	赵丙祥	2019-05-25	http://news.cqu.edu.cn/newsv2/show-24-690-1.html
第九十七讲：今天我们如何纪念“五四”？――“五四”新文学与现代文化建构	文字斋讲座	李怡	2019-05-24	http://news.cqu.edu.cn/newsv2/show-24-683-1.html
风电结构反向平衡法兰和预应力锚栓基础 低风区高风塔专门技术		马人乐	2019-05-24	http://news.cqu.edu.cn/newsv2/show-24-689-1.html
学术研究与论文写作专题讲座：成瘾性消费品与经济全球化――以茶叶和鸦片贸易为例	文字斋讲座	仲伟民	2019-05-23	http://news.cqu.edu.cn/newsv2/show-24-682-1.html
测绘技术在智慧城市中的应用报告		陶本藻 邱卫宁教授	2019-05-23	http://news.cqu.edu.cn/newsv2/show-24-688-1.html
北京工业大学长江学者特聘教授王金淑学术讲座	工程科学前沿讲坛	王金淑	2019-05-22	http://news.cqu.edu.cn/newsv2/show-24-677-1.html
新加坡国立大学青年科学家奖获得者颜宁学术讲座	工程科学前沿讲坛	颜宁	2019-05-22	http://news.cqu.edu.cn/newsv2/show-24-668-1.html
美国爱荷华州立大学Xinwei Wang教授讲座	工程科学前沿讲坛	Prof.Xinwei Wang	2019-05-22	http://news.cqu.edu.cn/newsv2/show-24-679-1.html
日本高知工科大学博士生奖学金项目宣介会		李朝阳博士	2019-05-21	http://news.cqu.edu.cn/newsv2/show-24-680-1.html
土木工程学院学术报告会	重大讲座	马文勇	2019-05-18	http://news.cqu.edu.cn/newsv2/show-24-678-1.html
香港城市大学吕坚教授学术讲座	工程科学前沿讲坛	吕坚	2019-05-18	http://news.cqu.edu.cn/newsv2/show-24-675-1.html
中国电影与道家文化		杨晓林 教授	2019-05-17	http://news.cqu.edu.cn/newsv2/show-24-672-1.html
美国青年科学家Michael Smith教授学术讲座	工程科学前沿讲坛	Michael Smith 教授	2019-05-17	http://news.cqu.edu.cn/newsv2/show-24-663-1.html
【传媒大讲坛】英美新闻业的相互借鉴（Anglo-American Journalistic Exchange）	传媒大讲坛	Mark Hampton (马翰庭)	2019-05-16	http://news.cqu.edu.cn/newsv2/show-24-674-1.html
美国伊利诺伊香槟分校王新雷教授讲座	工程科学前沿讲坛	王新雷教授	2019-05-16	http://news.cqu.edu.cn/newsv2/show-24-671-1.html
土木工程学院学术报告会	建工讲坛	邹进贵、姚连壁、王明权	2019-05-16	http://news.cqu.edu.cn/newsv2/show-24-676-1.html
航天五院产品首席专家潘海林研究员学术讲座	工程科学前沿讲坛	潘海林研究员	2019-05-13	http://news.cqu.edu.cn/newsv2/show-24-673-1.html
第三十讲：小说作为伦理探究的手段	博雅讲座	陆建德	2019-05-11	http://news.cqu.edu.cn/newsv2/show-24-670-1.html
Minimal Sample Subspace Learning: Theory and Algorithms		张振跃（浙江大学）	2019-05-10	http://news.cqu.edu.cn/newsv2/show-24-664-1.html
中国人民大学何虎生教授作客“红岩讲坛”第16讲	红岩讲坛	何虎生教授	2019-05-09	http://news.cqu.edu.cn/newsv2/show-24-665-1.html
山东大学刘相法教授新型晶种合金学术讲座	工程科学前沿讲坛	刘相法	2019-05-09	http://news.cqu.edu.cn/newsv2/show-24-669-1.html
第九十五讲：李洱《应物兄》的“文学”与“思想”：“第三者”理念与德国浪漫派反讽	文字斋讲座	黄平	2019-05-06	http://news.cqu.edu.cn/newsv2/show-24-666-1.html
日本千叶大学武居昌宏（MASAHIRO TAKEI）教授学术讲座	工程科学前沿讲坛	武居昌宏（MASAHIRO TAKEI）教授	2019-05-04	http://news.cqu.edu.cn/newsv2/show-24-662-1.html
无字书屋第13期讲座预告：我在美国修了一座抗飓风的零能耗建筑	重大讲座	黄谦	2019-04-27	http://news.cqu.edu.cn/newsv2/show-24-656-1.html
复旦大学他得安教授学术讲座	工程科学前沿讲坛	复旦大学他得安教授	2019-04-26	http://news.cqu.edu.cn/newsv2/show-24-647-1.html
第九十四讲：如何落实――战时中国共产党的贯彻机制	文字斋讲座	黄道炫	2019-04-25	http://news.cqu.edu.cn/newsv2/show-24-660-1.html
付强：邮票图说世界测绘发展史		付强	2019-04-25	http://news.cqu.edu.cn/newsv2/show-24-659-1.html
【传媒大讲坛】学术研究能力的培养以及学术研究规范	传媒大讲坛	李喜根	2019-04-25	http://news.cqu.edu.cn/newsv2/show-24-653-1.html
岩土材料三维非正交弹塑性本构模型		路德春	2019-04-25	http://news.cqu.edu.cn/newsv2/show-24-661-1.html
土木工程学院学术报告会		Hiromasa Kawai	2019-04-23	http://news.cqu.edu.cn/newsv2/show-24-658-1.html
幸福是奋斗出来的		吕敏	2019-04-23	http://news.cqu.edu.cn/newsv2/show-24-657-1.html
北京理工大学胡更开教授学术报告	工程科学前沿讲坛	北京理工大学胡更开教授	2019-04-22	http://news.cqu.edu.cn/newsv2/show-24-640-1.html
第二十九讲：上山采药：物与实践的地方汇聚	博雅讲座	赖立里	2019-04-20	http://news.cqu.edu.cn/newsv2/show-24-654-1.html
喜迎90周年校庆 重庆大学“中国航天日”科普报告 ――揭秘月面上第一片绿叶		谢更新教授	2019-04-20	http://news.cqu.edu.cn/newsv2/show-24-655-1.html
浅谈音韵学知识在古代文史研究中的运用	文字斋讲座	孟蓬生	2019-04-19	http://news.cqu.edu.cn/newsv2/show-24-642-1.html
土木工程学院学术报告会	建工讲坛	Darhao Chen	2019-04-18	http://news.cqu.edu.cn/newsv2/show-24-650-1.html
土木工程学院学术报告会	建工讲坛	向泽君副院长、陈光博士	2019-04-18	http://news.cqu.edu.cn/newsv2/show-24-652-1.html
山水都市主义：城市环境支撑系统的建构		郑曦	2019-04-17	http://news.cqu.edu.cn/newsv2/show-24-648-1.html
“诺贝尔物理学奖”获得者Noveselov院士学术讲座	工程科学前沿讲坛	曼彻斯特大学K. S. Novoselov 教授	2019-04-16	http://news.cqu.edu.cn/newsv2/show-24-639-1.html
重返经典人类学的关怀――兼及人类学哲学根基反思	文字斋讲座	黄剑波	2019-04-15	http://news.cqu.edu.cn/newsv2/show-24-644-1.html
重庆旧城保护，记录与传承讲座&“红岩先锋文化巡礼“系列活动――踏访重庆历史建筑开幕仪式		吴元兵	2019-04-14	http://news.cqu.edu.cn/newsv2/show-24-649-1.html
无字书屋12期讲座预告：昆曲与园林	重大讲座	谷光灿	2019-04-13	http://news.cqu.edu.cn/newsv2/show-24-646-1.html
重庆大学法学院学术讲座	重大讲座	李雪梅	2019-04-13	http://news.cqu.edu.cn/newsv2/show-24-638-1.html
【红岩讲坛十五讲】中国社会矛盾变迁与公平正义	红岩讲坛	靳凤林教授 （中共中央党校）	2019-04-12	http://news.cqu.edu.cn/newsv2/show-24-645-1.html
以人为本的智慧城市和城市设计研究		郑英玉	2019-04-11	http://news.cqu.edu.cn/newsv2/show-24-643-1.html
新区营造与城市设计的价值回归		姜洪庆	2019-04-11	http://news.cqu.edu.cn/newsv2/show-24-641-1.html
加拿大麦克马斯特大学John David Embury教授学术报告会	工程科学前沿讲坛	Professor John David Embury	2019-04-09	http://news.cqu.edu.cn/newsv2/show-24-637-1.html
第九十一讲:中西方文化交流中的艺术哲学问题	文字斋讲座	耿幼壮	2019-04-08	http://news.cqu.edu.cn/newsv2/show-24-636-1.html
中国古典诗歌的“新”面貌	重大讲座	顾彬	2019-03-30	http://news.cqu.edu.cn/newsv2/show-24-635-1.html
建筑技术系列学术讲座		孟庆林/王立雄	2019-03-29	http://news.cqu.edu.cn/newsv2/show-24-634-1.html
【传媒大讲坛】从英国报业数字化转型看新闻业未来	传媒大讲坛	李文	2019-03-28	http://news.cqu.edu.cn/newsv2/show-24-631-1.html
EBSCO Art&ampArchitecture Source如何拓宽您的艺术设计视野	重大讲座	胡文婷	2019-03-28	http://news.cqu.edu.cn/newsv2/show-24-632-1.html
从地域传统到当代实践	建言论坛	孟阳	2019-03-28	http://news.cqu.edu.cn/newsv2/show-24-633-1.html
【传媒大讲坛】以色列&amp中国与“一带一路”――中东的新前景	传媒大讲坛	Prof. Meron Medzini	2019-03-26	http://news.cqu.edu.cn/newsv2/show-24-630-1.html
英国格拉斯哥大学Duncan H. Gregory教授能源材料学术讲座	工程科学前沿讲坛	Duncan H. Gregory	2019-03-18	http://news.cqu.edu.cn/newsv2/show-24-627-1.html
大连理工大学郑勇刚教授学术讲座	工程科学前沿讲坛	大连理工大学郑勇刚教授	2019-03-15	http://news.cqu.edu.cn/newsv2/show-24-628-1.html
航天五院材料工程总体室主任高鸿博士学术讲座	工程科学前沿讲坛	高鸿 博士	2019-02-22	http://news.cqu.edu.cn/newsv2/show-24-625-1.html
973首席科学家、北京科技大学教授李晓刚讲座	工程科学前沿讲坛	李晓刚 教授	2019-01-14	http://news.cqu.edu.cn/newsv2/show-24-621-1.html
美国机械工程学会会士Robert Parker教授学术讲座	工程科学前沿讲坛	Prof. Robert Parker	2019-01-11	http://news.cqu.edu.cn/newsv2/show-24-623-1.html
巴黎-萨克雷大学终身教授冯志强学术讲座	工程科学前沿讲坛	冯志强 教授	2019-01-11	http://news.cqu.edu.cn/newsv2/show-24-622-1.html
北京大学郑玉峰教授学术报告	工程科学前沿讲坛	郑玉峰	2019-01-07	http://news.cqu.edu.cn/newsv2/show-24-620-1.html
夏威夷大学Zuo Yi 教授学术讲座	工程科学前沿讲坛	Zuo Yi	2019-01-04	http://news.cqu.edu.cn/newsv2/show-24-619-1.html
"杰青"王育华教授学术讲座	工程科学前沿讲坛	王育华 教授	2018-12-27	http://news.cqu.edu.cn/newsv2/show-24-617-1.html
第八十九讲：延安，毛泽东走过的成功路	文字斋讲座	朱鸿召	2018-12-27	http://news.cqu.edu.cn/newsv2/show-24-614-1.html
Bio-inspired Stimuli-Responsive Hybrids		Luyi Sun	2018-12-17	http://news.cqu.edu.cn/newsv2/show-24-616-1.html
微软亚洲研究院副院长周明博士：自然语言处理的进展	重大讲座	周明	2018-12-14	http://news.cqu.edu.cn/newsv2/show-24-615-1.html
《红楼梦》作者破译及其原型故事	文字斋讲座	木斋	2018-12-12	http://news.cqu.edu.cn/newsv2/show-24-613-1.html
第二十八讲：先秦诗歌演变历程	博雅讲座	木斋	2018-12-11	http://news.cqu.edu.cn/newsv2/show-24-612-1.html
【传媒大讲坛】我们离一部国际影片有多远	传媒大讲坛	金华青	2018-12-09	http://news.cqu.edu.cn/newsv2/show-24-602-1.html
长江学者成少安教授学术讲座	工程科学前沿讲坛	成少安 教授	2018-12-06	http://news.cqu.edu.cn/newsv2/show-24-610-1.html
上海理工大学蔡小舒教授学术讲座	工程科学前沿讲坛	蔡小舒 教授	2018-12-06	http://news.cqu.edu.cn/newsv2/show-24-609-1.html
介孔碳限域纳米催化剂电子结构的精准调控		万颖	2018-12-02	http://news.cqu.edu.cn/newsv2/show-24-607-1.html
从碳中来、到碳中去 ――石墨烯的高密组装和致密储能		杨全红	2018-12-02	http://news.cqu.edu.cn/newsv2/show-24-606-1.html
【传媒大讲坛】新媒体文化与空间认识论	传媒大讲坛	刘涛	2018-11-29	http://news.cqu.edu.cn/newsv2/show-24-594-1.html
北京理工大学杰青陈小伟教授讲座	工程科学前沿讲坛	陈小伟	2018-11-28	http://news.cqu.edu.cn/newsv2/show-24-605-1.html
北京理工大学杰青陈少华研究员讲座	工程科学前沿讲坛	陈少华	2018-11-28	http://news.cqu.edu.cn/newsv2/show-24-604-1.html
伊朗科曼大学教授讲座	工程科学前沿讲坛	Mohammad Rahnama教授	2018-11-28	http://news.cqu.edu.cn/newsv2/show-24-600-1.html
北京理工大学杰青梁军教授讲座	工程科学前沿讲坛	梁军	2018-11-28	http://news.cqu.edu.cn/newsv2/show-24-603-1.html
本源杂说――设计过程中的逻辑与常识	建工讲坛	范波	2018-11-27	http://news.cqu.edu.cn/newsv2/show-24-601-1.html
重庆大学90周年校庆年学术论坛：东盟和中国大使系列演讲	名家会客厅	新加坡常驻东盟代表陈汉成大使、中国―东盟关系协调国菲律宾常驻东盟代表伊丽莎白?布恩苏塞索大使、中国驻东盟大使黄溪	2018-11-27	http://news.cqu.edu.cn/newsv2/show-24-597-1.html
无字书屋讲座第10期预告：中国高校公益励志巡讲之重庆大学站――《骑车去埃及》分享会	重大讲座	龙永康	2018-11-24	http://news.cqu.edu.cn/newsv2/show-24-598-1.html
中国文学中的世界性因素	重大讲座	陈思和	2018-11-24	http://news.cqu.edu.cn/newsv2/show-24-596-1.html
Chemical Process System Engineering for Circular Economy and Better Sustainabili		任竞争	2018-11-24	http://news.cqu.edu.cn/newsv2/show-24-599-1.html
AI智能时代的及建筑生态		杨小荻	2018-11-15	http://news.cqu.edu.cn/newsv2/show-24-595-1.html
《阅读改善知识结构 打开精神世界》	逸夫楼讲座	杜术林	2018-11-14	http://news.cqu.edu.cn/newsv2/show-24-593-1.html
绿色低碳产品和技术的生命周期评价	可持续论坛	王洪涛副教授	2018-11-12	http://news.cqu.edu.cn/newsv2/show-24-591-1.html
重庆大学海内外青年学者论坛化学化工分论坛		刘新磊等13位青年学者	2018-11-11	http://news.cqu.edu.cn/newsv2/show-24-592-1.html
90周年校庆院士讲坛：匈牙利创新与技术部部长、匈牙利科学院院士演讲	名家会客厅	匈牙利创新与技术部部长，匈牙利科学院院士帕尔科维奇?拉兹洛（PALKOVICS Laszlo）博士阁下	2018-11-07	http://news.cqu.edu.cn/newsv2/show-24-589-1.html
弘扬科学精神 追求学术诚信		魏子栋	2018-11-05	http://news.cqu.edu.cn/newsv2/show-24-584-1.html
芬兰爱博学术大学Henrik Saxen教授学术讲座	工程科学前沿讲坛	Henrik Saxen教授	2018-11-02	http://news.cqu.edu.cn/newsv2/show-24-586-1.html
锰矿资源的开发利用与展望		李维健	2018-10-31	http://news.cqu.edu.cn/newsv2/show-24-585-1.html
锰矿资源的开发利用与展望		李维健	2018-10-31	http://news.cqu.edu.cn/newsv2/show-24-587-1.html
“面壁者”还是“破壁人”？――刘慈欣科幻小说中的乌托邦愿景	博雅讲座	王 瑶	2018-10-30	http://news.cqu.edu.cn/newsv2/show-24-581-1.html
香港城市大学吕坚教授讲座	工程科学前沿讲坛	吕坚	2018-10-28	http://news.cqu.edu.cn/newsv2/show-24-573-1.html
中国科学院固体物理研究所研究员讲座	工程科学前沿讲坛	方前锋	2018-10-27	http://news.cqu.edu.cn/newsv2/show-24-582-1.html
林毅夫教授讲座		林毅夫	2018-10-27	http://news.cqu.edu.cn/newsv2/show-24-583-1.html
剑桥大学Stephen Evans教授讲座二（剑桥大学关于制造的研究）	工程科学前沿讲坛	Prof. Stephen Evans	2018-10-24	http://news.cqu.edu.cn/newsv2/show-24-578-1.html
绿色建筑学与风景学研究中的22个课题	重大讲座	董靓	2018-10-23	http://news.cqu.edu.cn/newsv2/show-24-580-1.html
漫谈柳青及《柳青传》	文字斋讲座	刘可风	2018-10-22	http://news.cqu.edu.cn/newsv2/show-24-575-1.html
英国利物浦大学Kwok Keung Bernard HON教授讲座	工程科学前沿讲坛	Prof. Bernard HON	2018-10-22	http://news.cqu.edu.cn/newsv2/show-24-579-1.html
中国科学院黄勇研究员讲座	工程科学前沿讲坛	黄勇	2018-10-22	http://news.cqu.edu.cn/newsv2/show-24-572-1.html
剑桥大学Stephen Evans教授讲座一（工业可持续：新思路和进展）	工程科学前沿讲坛	Prof. Stephen Evans	2018-10-22	http://news.cqu.edu.cn/newsv2/show-24-577-1.html
无字书屋讲座――重庆历史文化名城的保护、记录与传承	重大讲座	吴元兵	2018-10-20	http://news.cqu.edu.cn/newsv2/show-24-576-1.html
水滑石基纳米光催化材料合成太阳燃料和高附加值化学品		张铁锐	2018-10-20	http://news.cqu.edu.cn/newsv2/show-24-574-1.html
爱尔兰科克大学Richen Lin博士讲座	工程科学前沿讲坛	Dr.Richen Lin	2018-10-19	http://news.cqu.edu.cn/newsv2/show-24-569-1.html
爱尔兰科克大学Jerry Murphy教授讲座	工程科学前沿讲坛	prof.Jerry Murphy	2018-10-19	http://news.cqu.edu.cn/newsv2/show-24-568-1.html
职业建筑师之路――2018都设幕墙夏令营交流会	重大讲座	凌克戈	2018-10-18	http://news.cqu.edu.cn/newsv2/show-24-571-1.html
爱思唯尔携手华为谈青年工程师人才培养	重大讲座	徐罡；罗莹	2018-10-17	http://news.cqu.edu.cn/newsv2/show-24-570-1.html
EPS助力论文实证分析	重大讲座	韩磊	2018-10-16	http://news.cqu.edu.cn/newsv2/show-24-565-1.html
南京大学刘晓峻教授讲座	工程科学前沿讲坛	刘晓峻	2018-10-16	http://news.cqu.edu.cn/newsv2/show-24-562-1.html
英国剑桥大学丘吉尔学院海外院士余同希讲座	工程科学前沿讲坛	余同希	2018-10-12	http://news.cqu.edu.cn/newsv2/show-24-563-1.html
国家优秀青年基金获得者穆杨教授讲座	工程科学前沿讲坛	穆杨 中国科学技术大学教授，国家优秀青年基金获得者	2018-10-12	http://news.cqu.edu.cn/newsv2/show-24-567-1.html
重庆大学医学前沿大讲堂		陈昌岷教授、蔡仕英高级研究员、钱程教授、Sean R.R. Hall 教授	2018-10-10	http://news.cqu.edu.cn/newsv2/show-24-566-1.html
2018年通信技术国际会议（IEEE ICCT 2018）	通信论坛	Abdennour El Rhalibi (IEEE Fellow) 等	2018-10-09	http://news.cqu.edu.cn/newsv2/show-24-564-1.html
乡村春晚的跨文化传播政治经济学分析	文字斋讲座	赵月枝	2018-09-26	http://news.cqu.edu.cn/newsv2/show-24-560-1.html
澳大利亚莫纳什大学教授讲座	工程科学前沿讲坛	Prof. Ranjith P. G	2018-09-20	http://news.cqu.edu.cn/newsv2/show-24-559-1.html
英国华威大学李祖树研究员讲座	工程科学前沿讲坛	ZuShu Li	2018-09-18	http://news.cqu.edu.cn/newsv2/show-24-557-1.html
工程科学前沿讲坛：德国克劳斯塔尔工业大学教授讲座	工程科学前沿讲坛	Rainer Schmid-Fetzer	2018-09-18	http://news.cqu.edu.cn/newsv2/show-24-558-1.html
工程科学前沿讲坛：澳大利亚昆士兰大学煤层气研究中心教授讲座	工程科学前沿讲坛	王星锦 教授	2018-09-15	http://news.cqu.edu.cn/newsv2/show-24-556-1.html
工程科学前沿讲坛：澳大利亚工程院院士讲座	工程科学前沿讲坛	Prof. Michael Hood	2018-09-15	http://news.cqu.edu.cn/newsv2/show-24-555-1.html
面向工业问题的技术创新――关于己内酰胺生产关键技术的认知与体会		罗和安	2018-09-13	http://news.cqu.edu.cn/newsv2/show-24-554-1.html
Fischer-Tropsch Synthesis Fundamentals &amp Engineering Practices		李永旺教授	2018-09-13	http://news.cqu.edu.cn/newsv2/show-24-552-1.html
SPE能量转换体系中的电催化剂研究与应用		邢巍	2018-09-12	http://news.cqu.edu.cn/newsv2/show-24-553-1.html
以甲醛转化为例探讨基础研究与应用的联系		刘中民院士	2018-09-11	http://news.cqu.edu.cn/newsv2/show-24-551-1.html
澳大利亚昆士兰大学教授讲座	工程科学前沿讲坛	Prof. Geoff Wang	2018-09-10	http://news.cqu.edu.cn/newsv2/show-24-550-1.html
欧拉方程和Onsager猜想	重大讲座	郭柏灵 院士（北京应用物理与计算数学研究所）	2018-09-07	http://news.cqu.edu.cn/newsv2/show-24-548-1.html
乡村治理与本体论政治	文字斋讲座	朱晓阳	2018-07-14	http://news.cqu.edu.cn/newsv2/show-24-547-1.html
基于高性能计算的储能科学与技术创新		周震	2018-07-10	http://news.cqu.edu.cn/newsv2/show-24-546-1.html
平行语料库与积极型拉丁语汉语词典的研编	文字斋讲座	李德俊	2018-07-07	http://news.cqu.edu.cn/newsv2/show-24-538-1.html
计算机学院专家讲座	重大讲座	王建新 中南大学教授	2018-07-06	http://news.cqu.edu.cn/newsv2/show-24-545-1.html
计算机科学讲座	重大讲座	安波，副教授，南洋理工大学	2018-07-05	http://news.cqu.edu.cn/newsv2/show-24-543-1.html
中国工程物理研究院总体工程研究所科技委原主任莫军讲座预告	工程科学前沿讲坛	莫军	2018-07-05	http://news.cqu.edu.cn/newsv2/show-24-544-1.html
韩国釜山国立大学全忠焕教授讲座	工程科学前沿讲坛	Prof.Chung-Hwan Jeon	2018-07-03	http://news.cqu.edu.cn/newsv2/show-24-542-1.html
加拿大约克大学Zheng H. Zhu教授讲座预告	工程科学前沿讲坛	Zheng H. Zhu	2018-07-02	http://news.cqu.edu.cn/newsv2/show-24-537-1.html
“红岩讲坛”第十三讲：共产主义信仰：过去、现在和未来	红岩讲坛	刘建军教授 （中国人民大学）	2018-06-28	http://news.cqu.edu.cn/newsv2/show-24-541-1.html
工程科学前沿讲坛：岩体复杂结构与三维应力场的定量表征及物理可视化方法	工程科学前沿讲坛	鞠杨	2018-06-27	http://news.cqu.edu.cn/newsv2/show-24-535-1.html
工程科学前沿讲坛：中国数值水池技术研究与应用	工程科学前沿讲坛	段文洋	2018-06-27	http://news.cqu.edu.cn/newsv2/show-24-536-1.html
Nature Nano如何帮助您在高影响力期刊发表文章	虎溪大讲堂	鄢翔博士	2018-06-25	http://news.cqu.edu.cn/newsv2/show-24-539-1.html
重庆大学“实证社会科学研究方法”2018年短训班通知	重大讲座	赵联飞	2018-06-23	http://news.cqu.edu.cn/newsv2/show-24-524-1.html
健康、医疗与文化的本土理论与经验	文字斋讲座	王建新	2018-06-21	http://news.cqu.edu.cn/newsv2/show-24-534-1.html
鲁迅：从日本“回归”中国――鲁迅与夏目漱石的文学渊源及比照考察	文字斋讲座	吴俊	2018-06-20	http://news.cqu.edu.cn/newsv2/show-24-531-1.html
知识产权管理与科研技术布局分析：利用专利信息探索研究问题	工程科学前沿讲坛	郑猷超博士	2018-06-20	http://news.cqu.edu.cn/newsv2/show-24-533-1.html
红岩讲坛十二讲开讲	红岩讲坛	张旭	2018-06-14	http://news.cqu.edu.cn/newsv2/show-24-532-1.html
能源纳米器件中的材料与界面		陈立桅	2018-06-14	http://news.cqu.edu.cn/newsv2/show-24-530-1.html
精准化学2.0		田禾 院士	2018-06-13	http://news.cqu.edu.cn/newsv2/show-24-529-1.html
南开大学副教授李朝阳关于金属有机框架（MOFs）材料的设计与多功能性质研究讲座		李朝阳	2018-06-13	http://news.cqu.edu.cn/newsv2/show-24-525-1.html
功能材料的研究与应用系列讲座	工程科学前沿讲坛	梁嘉杰；李国然	2018-06-13	http://news.cqu.edu.cn/newsv2/show-24-528-1.html
Hydrodynamic interactions and mass transfer in solid-liquid systems C a particle		Professor Jos Derksen	2018-06-11	http://news.cqu.edu.cn/newsv2/show-24-527-1.html
中科院研究员韩福社关于目标分子驱动的合成新方法的发展及应用研究讲座		韩福社	2018-06-08	http://news.cqu.edu.cn/newsv2/show-24-526-1.html
《北京大学学报（哲社科版）》常务副主编刘曙光谈期刊编辑视角下学术论文的写作	红岩讲坛	刘曙光	2018-06-07	http://news.cqu.edu.cn/newsv2/show-24-523-1.html
美国康涅狄格大学SUN LUYI教授讲座预告	工程科学前沿讲坛	SUN LUYI	2018-06-07	http://news.cqu.edu.cn/newsv2/show-24-522-1.html
工程科学前沿讲坛：微乳液多相流动及调控	工程科学前沿讲坛	陈永平教授	2018-06-06	http://news.cqu.edu.cn/newsv2/show-24-519-1.html
工程科学前沿讲坛：水力悬浮微泵的研制及其产业化	工程科学前沿讲坛	罗小兵教授	2018-06-06	http://news.cqu.edu.cn/newsv2/show-24-520-1.html
国家留学基金委公派资助到国际组织实习任职校园宣讲暨国际组织人才训练营		郑启荣 薛玉雪	2018-06-04	http://news.cqu.edu.cn/newsv2/show-24-521-1.html
逸夫楼讲座：新加坡&香港公立大学留学	逸夫楼讲座	关婷婷	2018-06-01	http://news.cqu.edu.cn/newsv2/show-24-518-1.html
“红岩讲坛”第十讲：刘怀玉教授谈马克思主义如何理解当代政治文化哲学转向问题	红岩讲坛	刘怀玉教授（南京大学）	2018-06-01	http://news.cqu.edu.cn/newsv2/show-24-517-1.html
工程科学前沿讲坛：泰国孔敬大学Prof. Alissara Reungsang学术报告	工程科学前沿讲坛	泰国孔敬大学Prof. Alissara Reungsang	2018-05-30	http://news.cqu.edu.cn/newsv2/show-24-515-1.html
工程科学前沿讲坛：西北工业大学介万奇教授讲座	工程科学前沿讲坛	介万奇	2018-05-30	http://news.cqu.edu.cn/newsv2/show-24-516-1.html
法学研究的边界意识	文字斋讲座	赵明	2018-05-26	http://news.cqu.edu.cn/newsv2/show-24-514-1.html
漫谈博雅教育的“内”与“外”	博雅讲座	田雷	2018-05-25	http://news.cqu.edu.cn/newsv2/show-24-513-1.html
以色列智能和未来学家Roey Tzezana博士关于人工智能和区块链等领域的专家讲座		以色列智能和未来学家Roey Tzezana博士	2018-05-25	http://news.cqu.edu.cn/newsv2/show-24-494-1.html
唐叔贤院士：神奇的离子晶体极性面		唐叔贤院士	2018-05-24	http://news.cqu.edu.cn/newsv2/show-24-509-1.html
瑞典皇家工学院Levente Vitos关于第一性原理计算的专家讲座	工程科学前沿讲坛	Levente Vitos	2018-05-24	http://news.cqu.edu.cn/newsv2/show-24-505-1.html
工程科学前沿讲坛：Professor S. C. Yao（Carnegie Mellon University）学术报告	工程科学前沿讲坛	Professor S. C. Yao	2018-05-24	http://news.cqu.edu.cn/newsv2/show-24-511-1.html
电子媒介时代的阅读困境	重大讲座	周宪	2018-05-23	http://news.cqu.edu.cn/newsv2/show-24-510-1.html
通识名师讲座：诗情画意的物理学	通识讲座	金晓峰，复旦大学物理学系教授	2018-05-22	http://news.cqu.edu.cn/newsv2/show-24-508-1.html
通识名师讲座：让科学成为未来中国的文化基因	通识讲座	金晓峰，复旦大学物理学系教授	2018-05-21	http://news.cqu.edu.cn/newsv2/show-24-507-1.html
电气工程前沿系列讲座	工程科学前沿讲坛	穆钢 教授、肖立业 研究员、江秀臣 教授、何正友 教授	2018-05-12	http://news.cqu.edu.cn/newsv2/show-24-495-1.html
“设计渝论”学术讲堂 重庆大学第二届研究生学术活动月之专家讲座	设计渝论	林纪教授	2018-05-10	http://news.cqu.edu.cn/newsv2/show-24-493-1.html
计算机学院专家讲座	重大讲座	Tao Li, Professor, University of Florida, IEEE Fellow	2018-05-10	http://news.cqu.edu.cn/newsv2/show-24-492-1.html
名家会客厅讲座第184期预告：精悉科研论文写作技巧，助力科研创新――破解高水平SCI的奥秘	名家会客厅	张育新	2018-05-09	http://news.cqu.edu.cn/newsv2/show-24-489-1.html
对话Nature学术编辑，成就您的研究		施普林格?自然中国区科学总监ED Gerstner / 印格致 ，施普林格?自然 开放科研集团大中华区总监Arend Küster / 柯安德	2018-05-09	http://news.cqu.edu.cn/newsv2/show-24-490-1.html
航天 遥感 漫谈	通信论坛	陈世平研究员 国家高分专项卫星工程总设计师	2018-05-07	http://news.cqu.edu.cn/newsv2/show-24-491-1.html
数学如诗，境界为上	名家零距离	严加安 院士	2018-05-04	http://news.cqu.edu.cn/newsv2/show-24-488-1.html
第23届世界读书日重大图书馆系列活动之放眼世界		孙晓君	2018-04-28	http://news.cqu.edu.cn/newsv2/show-24-487-1.html
生态工业园智慧节能	工程科学前沿讲坛	Arnold Tukker 董亮	2018-04-27	http://news.cqu.edu.cn/newsv2/show-24-485-1.html
我国的高端轴承及技术发展趋势	工程科学前沿讲坛	周宇	2018-04-26	http://news.cqu.edu.cn/newsv2/show-24-486-1.html
太阳能人工光合成：实现人类生产太阳燃料之梦	重大讲座	李灿院士（中国科学院大连化学物理研究所、洁净能源国家实验室（筹））	2018-04-25	http://news.cqu.edu.cn/newsv2/show-24-479-1.html
第三届《催化学报》学术研讨会电催化前沿论坛		李灿院士等	2018-04-24	http://news.cqu.edu.cn/newsv2/show-24-484-1.html
新能源系统雷电防护技术	工程科学前沿讲坛	IEEE Fellow 横山茂	2018-04-23	http://news.cqu.edu.cn/newsv2/show-24-482-1.html
新能源系统雷电防护技术	工程科学前沿讲坛	横山茂	2018-04-23	http://news.cqu.edu.cn/newsv2/show-24-483-1.html
红岩讲坛第九讲：项久雨谈网络思政教育的问题与出路	红岩讲坛	项久雨教授（武汉大学）	2018-04-20	http://news.cqu.edu.cn/newsv2/show-24-480-1.html
工程科学前沿讲坛：德国国家镁中心主任学术报告	工程科学前沿讲坛	Prof. Karl Ulrich Kainer	2018-04-16	http://news.cqu.edu.cn/newsv2/show-24-478-1.html
工程科学前沿讲坛：中科院化学研究所徐坚研究员讲座	工程科学前沿讲坛	徐坚	2018-04-14	http://news.cqu.edu.cn/newsv2/show-24-477-1.html
工程科学前沿讲坛：北京化工大学张立群教授讲座	工程科学前沿讲坛	张立群	2018-04-14	http://news.cqu.edu.cn/newsv2/show-24-475-1.html
从案头到出版：古籍整理理论与实践	博雅讲座	顾青	2018-04-13	http://news.cqu.edu.cn/newsv2/show-24-473-1.html
工程科学前沿讲坛：新西兰奥克兰大学WEI GAO教授讲座	工程科学前沿讲坛	WEI GAO	2018-04-13	http://news.cqu.edu.cn/newsv2/show-24-471-1.html
工程科学前沿讲坛252讲：中国工程院邓建军院士讲座	工程科学前沿讲坛	邓建军	2018-04-11	http://news.cqu.edu.cn/newsv2/show-24-470-1.html
人工智能专题	通信论坛	杨易 教授，悉尼科技大学；孟德宇 教授，西安交通大学； 高陈强 教授，重庆邮电大学	2018-04-11	http://news.cqu.edu.cn/newsv2/show-24-472-1.html
工程科学前沿讲坛：德国KIT, Hans J. Seifert教授讲座	工程科学前沿讲坛	Hans J. Seifert	2018-04-03	http://news.cqu.edu.cn/newsv2/show-24-466-1.html
逸夫楼讲座之“华枝春满――插花艺术与实践”	逸夫楼讲座	王刚（缸钵）	2018-04-03	http://news.cqu.edu.cn/newsv2/show-24-468-1.html
讲座预告 | 香港城区更新与历史建筑保护		陈汉云 教授	2018-04-02	http://news.cqu.edu.cn/newsv2/show-24-469-1.html
《诗经》的文化精神	通识讲座	李山	2018-03-31	http://news.cqu.edu.cn/newsv2/show-24-464-1.html
无字书屋讲座：日本庭园与日本人的美意识	重大讲座	谷光灿	2018-03-31	http://news.cqu.edu.cn/newsv2/show-24-462-1.html
西周礼乐文明的精神建构	博雅讲座	李山	2018-03-30	http://news.cqu.edu.cn/newsv2/show-24-463-1.html
中国计算机学会计算机视觉专委会走进高校系列报告:重庆大学站		陈俊龙 王亮 朱策 纪荣嵘 左旺孟 张磊	2018-03-28	http://news.cqu.edu.cn/newsv2/show-24-461-1.html
工程科学前沿讲坛：中国科学院柴之芳院士讲座	工程科学前沿讲坛	柴之芳院士	2018-03-23	http://news.cqu.edu.cn/newsv2/show-24-459-1.html
“红岩讲坛”第七讲：郝立新教授谈当代中国马克思主义理论研究和教育的理念与方法	红岩讲坛	郝立新教授（中国人民大学）	2018-03-22	http://news.cqu.edu.cn/newsv2/show-24-460-1.html
工程科学前沿讲坛：欧洲科学及艺术院严晋跃院士学术报告	工程科学前沿讲坛	严晋跃	2018-03-19	http://news.cqu.edu.cn/newsv2/show-24-458-1.html
香港理工大学苏众庆教授学术讲座	工程科学前沿讲坛	苏众庆	2018-03-15	http://news.cqu.edu.cn/newsv2/show-24-456-1.html
诺丁汉大学Yuying Yan教授讲座	工程科学前沿讲坛	Prof. Yuying Yan	2018-03-12	http://news.cqu.edu.cn/newsv2/show-24-457-1.html
数据时代的挑战与大数据金融科技创新应用实践学术讲座	重大讲座	周涛 曾途	2018-03-05	http://news.cqu.edu.cn/newsv2/show-24-455-1.html
工程科学前沿讲坛：韩国釜山国立大学Taeho Lee教授讲座	工程科学前沿讲坛	Taeho Lee 教授	2018-01-17	http://news.cqu.edu.cn/newsv2/show-24-447-1.html
重庆大学人工智能与先进计算前沿技术青年论坛		张云泉，苗启广， 何万青，翟季冬，李超 ，陆游游	2018-01-13	http://news.cqu.edu.cn/newsv2/show-24-454-1.html
工程科学前沿讲坛：华中科技大学熊蔡华教授讲座	工程科学前沿讲坛	熊蔡华 华中科技大学教授、长江学者特聘教授、国家杰出青年基金获得者	2018-01-11	http://news.cqu.edu.cn/newsv2/show-24-453-1.html
澳大利亚昆士兰科技大学闫橙教授学术讲座	工程科学前沿讲坛	闫橙	2018-01-09	http://news.cqu.edu.cn/newsv2/show-24-452-1.html
法国图卢兹大学Mondher Bouzayen院士学术报告		Mondher Bouzayen	2018-01-09	http://news.cqu.edu.cn/newsv2/show-24-451-1.html
土木工程学院学术报告会	重大讲座	Prif.Ishihara石原教授	2018-01-05	http://news.cqu.edu.cn/newsv2/show-24-448-1.html
情绪与压力管理--调整心态 挑战压力 创造快乐人生		杨国愉	2017-12-28	http://news.cqu.edu.cn/newsv2/show-24-446-1.html
新加坡国立大学Lee Fook Hou学术报告会		LeeFookHou (李福豪)	2017-12-27	http://news.cqu.edu.cn/newsv2/show-24-444-1.html
Tian-Chyi Jim Yeh 学术报告会		Tian-Chyi Jim Yeh (叶天齐)教授	2017-12-26	http://news.cqu.edu.cn/newsv2/show-24-445-1.html
美国爱荷华州立大学温志友教授讲座	工程科学前沿讲坛	温志友 教授	2017-12-26	http://news.cqu.edu.cn/newsv2/show-24-441-1.html
英国伦敦大学学院Dr. Yun Bai学术讲座	工程科学前沿讲坛	Dr. Yun Bai	2017-12-25	http://news.cqu.edu.cn/newsv2/show-24-443-1.html
黑龙江省城镇建设研究所朱卫中教授学术报告	工程科学前沿讲坛	朱卫中	2017-12-23	http://news.cqu.edu.cn/newsv2/show-24-436-1.html
新世界：国际主义视野中的19-20世纪连续与断裂	文字斋讲座	殷之光	2017-12-19	http://news.cqu.edu.cn/newsv2/show-24-438-1.html
Soli mechanics challenges in seasonally frozen groud regions	重大讲座	Hossam Abuel-Naga 教授	2017-12-18	http://news.cqu.edu.cn/newsv2/show-24-437-1.html
中国建筑色?材趋势		钱平	2017-12-17	http://news.cqu.edu.cn/newsv2/show-24-430-1.html
建院求职好声音		规划局、设计院、地产等不同就业单位的人事部门分责人及中高层领导	2017-12-17	http://news.cqu.edu.cn/newsv2/show-24-429-1.html
传统法的当代价值	重大讲座	赵晓耕	2017-12-16	http://news.cqu.edu.cn/newsv2/show-24-420-1.html
从礼法到政法――传统与现代中国法的结构与哲学及其改造提升	重大讲座	张中秋	2017-12-15	http://news.cqu.edu.cn/newsv2/show-24-419-1.html
虚构叙事伦理：从文字到数字	文字斋讲座	王鸿生	2017-12-15	http://news.cqu.edu.cn/newsv2/show-24-432-1.html
Hybrid Nano Battery-supercapacitor Materials for Renewable Energy Storage	光电讲坛	汪正平	2017-12-15	http://news.cqu.edu.cn/newsv2/show-24-431-1.html
新加坡南洋理工大学在城市岩土问题解决方案的一些研究		楚剑	2017-12-14	http://news.cqu.edu.cn/newsv2/show-24-428-1.html
李雪明关于2017诺贝尔化学奖解读―冷冻电镜史话的报告	重大讲座	李雪明研究员	2017-12-11	http://news.cqu.edu.cn/newsv2/show-24-424-1.html
【红岩讲坛第六讲】骆郁廷教授讲座	红岩讲坛	骆郁廷教授	2017-12-07	http://news.cqu.edu.cn/newsv2/show-24-421-1.html
雷清泉院士报告会	工程科学前沿讲坛	雷清泉	2017-12-03	http://news.cqu.edu.cn/newsv2/show-24-415-1.html
【建管・城环・建筑】联合创新创业沙龙交流活动	研究生学术创新论坛	创新创业达人	2017-12-02	http://news.cqu.edu.cn/newsv2/show-24-417-1.html
东南西北 ? 中：工科博士的诗与远方	重大讲座	王华（笔名：左手）	2017-12-02	http://news.cqu.edu.cn/newsv2/show-24-412-1.html
土木工程学院学术报告会	重大讲座	Ikuo Towhata (东x郁生)教授	2017-12-01	http://news.cqu.edu.cn/newsv2/show-24-416-1.html
“设计渝论”预告|Design in Asia（Erik Amir）	设计渝论	Erik Amir（LWK & Partners）	2017-11-30	http://news.cqu.edu.cn/newsv2/show-24-414-1.html
加拿大阿尔伯塔大学骆静利院士讲座	工程科学前沿讲坛	骆静利 院士	2017-11-30	http://news.cqu.edu.cn/newsv2/show-24-413-1.html
核燃料及材料辐照效应评价与表征技术	工程科学前沿讲坛	伍晓勇	2017-11-29	http://news.cqu.edu.cn/newsv2/show-24-411-1.html
“逸夫楼”讲座 ―《巴山烟雨 重庆往事》	逸夫楼讲座	章玉玲	2017-11-27	http://news.cqu.edu.cn/newsv2/show-24-410-1.html
『艺术开讲了』系列讲座第二期・请铭记，雾重庆	艺术开讲了	马欣	2017-11-25	http://news.cqu.edu.cn/newsv2/show-24-406-1.html
海外民族志研究中的第三方视角：以泰国研究经验为例	博雅讲座	龚浩群	2017-11-24	http://news.cqu.edu.cn/newsv2/show-24-404-1.html
【设计渝论?预告】蔡永洁 | 设计实践与教学实践之间	设计渝论	蔡永洁 教授 再城市化改造	2017-11-24	http://news.cqu.edu.cn/newsv2/show-24-408-1.html
詹耀裕关于装配式建筑在国内的发展及润泰预制工艺的特点的报告	重大讲座	詹耀裕	2017-11-23	http://news.cqu.edu.cn/newsv2/show-24-407-1.html
【讲座预告】邵 菱 Linda ShaoO 扎根本土 心向世界		邵 菱 Linda Shao	2017-11-23	http://news.cqu.edu.cn/newsv2/show-24-409-1.html
双周学术论坛・社会生态空间讲座	双周学术论坛	I?aki Alday	2017-11-21	http://news.cqu.edu.cn/newsv2/show-24-405-1.html
中科院力学所洪友士研究员学术讲座	工程科学前沿讲坛	洪友士	2017-11-21	http://news.cqu.edu.cn/newsv2/show-24-402-1.html
南京航空航天大学臧朝平教授学术讲座	工程科学前沿讲坛	臧朝平	2017-11-20	http://news.cqu.edu.cn/newsv2/show-24-399-1.html
丹麦科技大学Jakob Mann教授学术报告		Jakob Mann 教授	2017-11-17	http://news.cqu.edu.cn/newsv2/show-24-403-1.html
计算机学院专家讲座“Boosting Complete-Code Tool for Partial Program Analysis”	重大讲座	钟浩	2017-11-17	http://news.cqu.edu.cn/newsv2/show-24-400-1.html
庭审进校园系列活动		北碚区人民法院	2017-11-16	http://news.cqu.edu.cn/newsv2/show-24-401-1.html
企业管理悟道之“读史明智”	重大讲座	吴刚	2017-11-10	http://news.cqu.edu.cn/newsv2/show-24-398-1.html
学术讲座	重大讲座	Pro. Michael Barnsley	2017-11-09	http://news.cqu.edu.cn/newsv2/show-24-396-1.html
中国科学院研究员学术讲座	工程科学前沿讲坛	聂超群 研究员	2017-11-09	http://news.cqu.edu.cn/newsv2/show-24-393-1.html
“红岩讲坛”第五讲：万俊人讲座	红岩讲坛	万俊人	2017-11-09	http://news.cqu.edu.cn/newsv2/show-24-395-1.html
Driving down the carbon footprint- CO2 and cars	重大讲座	Gary Hawley 教 授	2017-11-08	http://news.cqu.edu.cn/newsv2/show-24-397-1.html
嘉陵江化学化工前沿学术讲座	虎溪大讲堂	谢剑	2017-11-07	http://news.cqu.edu.cn/newsv2/show-24-394-1.html
中国革命中的阶级分析、底层收益与社会再造	博雅讲座	吴重庆	2017-11-06	http://news.cqu.edu.cn/newsv2/show-24-392-1.html
加拿大皇家科学院、工程院院士Ned Djilali教授讲座	工程科学前沿讲坛	Ned Djilali教授	2017-11-06	http://news.cqu.edu.cn/newsv2/show-24-389-1.html
如何培养写作能力：让生命有无限可能		韩松落	2017-11-03	http://news.cqu.edu.cn/newsv2/show-24-391-1.html
《带上音乐去旅行》―欧洲800年音乐穿越之旅	逸夫楼讲座	马辰	2017-11-02	http://news.cqu.edu.cn/newsv2/show-24-388-1.html
学术报告――高剪切混合器的研究与工业应用	虎溪大讲堂	张金利	2017-11-02	http://news.cqu.edu.cn/newsv2/show-24-386-1.html
学术报告――二氧化碳和氮气的电化学还原	虎溪大讲堂	邵敏华	2017-11-01	http://news.cqu.edu.cn/newsv2/show-24-385-1.html
颜志淼博士关于非线性振动能量采集器模拟设计与气弹研究讲座	重大讲座	颜志淼 博士	2017-10-31	http://news.cqu.edu.cn/newsv2/show-24-387-1.html
印度古代数论哲学：《金七十论》浅说	博雅讲座	张保胜	2017-10-30	http://news.cqu.edu.cn/newsv2/show-24-383-1.html
“红岩讲坛”（第四讲）开讲啦！	红岩讲坛	黄蓉生	2017-10-26	http://news.cqu.edu.cn/newsv2/show-24-381-1.html
土木工程学院学术报告会	重大讲座	Desai, Chandrakant, S.教授	2017-10-25	http://news.cqu.edu.cn/newsv2/show-24-382-1.html
张希黔教授关于近期几个土木建筑工程典型案例介绍讲座	重大讲座	张希黔教授	2017-10-25	http://news.cqu.edu.cn/newsv2/show-24-380-1.html
网络时代的教材变革与调动主动学习的方法	教师教学发展工作坊	余刚	2017-10-24	http://news.cqu.edu.cn/newsv2/show-24-379-1.html
新加坡南洋理工大学陈晓东教授学术讲座	工程科学前沿讲坛	陈晓东	2017-10-23	http://news.cqu.edu.cn/newsv2/show-24-374-1.html
全德华人机电工程学会专家讲座	汽车工程前沿讲坛	周文亮	2017-10-21	http://news.cqu.edu.cn/newsv2/show-24-377-1.html
日本东京大学月桥文孝教授学术讲座	工程科学前沿讲坛	Fumitaka Tsukihashi	2017-10-19	http://news.cqu.edu.cn/newsv2/show-24-369-1.html
Professor D.V. Griffiths的关于Risk Assessment in Geotechnical Engineering报告会	重大讲座	Professor D.V. Griffiths	2017-10-19	http://news.cqu.edu.cn/newsv2/show-24-378-1.html
剑桥大学Ekhard Salje院士学术讲座	工程科学前沿讲坛	Ekhard Salje	2017-10-18	http://news.cqu.edu.cn/newsv2/show-24-375-1.html
第六届全国高校软件工程专业教育年会（NSEC 2017）	工程科学前沿讲坛	教育部高等学校软件工程专业教学指导委员会、示范性软件学院联盟、高等教育出版社、重庆大学软件学院	2017-10-14	http://news.cqu.edu.cn/newsv2/show-24-372-1.html
美国爱荷华州立大学终身教授学术讲座	汽车工程前沿讲坛	张洪伟	2017-10-13	http://news.cqu.edu.cn/newsv2/show-24-370-1.html
“红岩讲坛”（第三讲）开讲啦！	红岩讲坛	沈震	2017-10-12	http://news.cqu.edu.cn/newsv2/show-24-368-1.html
朱昌宝：先进储能材料中的固态离子学研究		朱昌宝	2017-10-12	http://news.cqu.edu.cn/newsv2/show-24-373-1.html
BIM的现状分析和招投标阶段的形势分析	重大讲座	王金龙经理	2017-10-11	http://news.cqu.edu.cn/newsv2/show-24-371-1.html
“华为如何应对未来的挑战” 主题讲座		黄卫伟	2017-09-28	http://news.cqu.edu.cn/newsv2/show-24-362-1.html
“红岩讲坛”（第二讲）开讲啦！	红岩讲坛	姚树洁	2017-09-28	http://news.cqu.edu.cn/newsv2/show-24-364-1.html
倾斜摄影测量及其典型应用	重大讲座	朱庆教授	2017-09-28	http://news.cqu.edu.cn/newsv2/show-24-366-1.html
《公路桥梁抗震设计细则》的修编与解读	重大讲座	唐光武 研究员	2017-09-27	http://news.cqu.edu.cn/newsv2/show-24-365-1.html
余涛关于混合纤维增强聚合物钢管混凝土构件报告会	重大讲座	余涛(高级讲师)	2017-09-26	http://news.cqu.edu.cn/newsv2/show-24-360-1.html
Lip Teh副教授关于螺栓连接及结构工程研究的展望报告会	重大讲座	Lip Teh(副教授)	2017-09-26	http://news.cqu.edu.cn/newsv2/show-24-361-1.html
美国密歇根大学汽车专家讲座	汽车工程前沿讲坛	彭晖	2017-09-26	http://news.cqu.edu.cn/newsv2/show-24-350-1.html
公管讲坛第53讲：中国的民族问题与国家安全	公管讲坛	李俊清	2017-09-24	http://news.cqu.edu.cn/newsv2/show-24-348-1.html
China-Japan Seminar On Structural design of Tall Building	重大讲座	A/Prof. Chuanguo Jia	2017-09-23	http://news.cqu.edu.cn/newsv2/show-24-359-1.html
高空读城：“爬楼党”眼中的魔幻重庆	重大讲座	万展志	2017-09-23	http://news.cqu.edu.cn/newsv2/show-24-347-1.html
China-Japan Seminar On Structural design of Tall Building	重大讲座	Mr. Masatoshi Tamari	2017-09-23	http://news.cqu.edu.cn/newsv2/show-24-356-1.html
China-Japan Seminar On Structural design of Tall Building	重大讲座	Mr. Takehito Kumano	2017-09-23	http://news.cqu.edu.cn/newsv2/show-24-358-1.html
China-Japan Seminar On Structural design of Tall Building	重大讲座	Mr. Masaharu Yasuda	2017-09-23	http://news.cqu.edu.cn/newsv2/show-24-355-1.html
China-Japan Seminar On Structural design of Tall Building	重大讲座	Prof. Yingmin Li	2017-09-23	http://news.cqu.edu.cn/newsv2/show-24-354-1.html
China-Japan Seminar On Structural design of Tall Building	重大讲座	Prof. Akira Wada	2017-09-23	http://news.cqu.edu.cn/newsv2/show-24-353-1.html
牛志升教授谈信息物理系统中的数据包传输优化策略	重大讲座	牛志升教授 清华大学	2017-09-22	http://news.cqu.edu.cn/newsv2/show-24-352-1.html
江涛教授谈面向未来移动通信的编码与调制技术	重大讲座	江涛教授 华中科技大学	2017-09-22	http://news.cqu.edu.cn/newsv2/show-24-351-1.html
清华大学李水清教授讲座	工程科学前沿讲坛	李水清	2017-09-21	http://news.cqu.edu.cn/newsv2/show-24-346-1.html
新加坡国立大学吕力教授学术讲座	工程科学前沿讲坛	Prof. Li Lu	2017-09-20	http://news.cqu.edu.cn/newsv2/show-24-349-1.html
张月红教授作《何为学术诚信》专题报告		张月红	2017-09-19	http://news.cqu.edu.cn/newsv2/show-24-340-1.html
日本理化研究所同步辐射研究机构副首席专家Uesugi Kentaro讲座		Uesugi Kentaro	2017-09-19	http://news.cqu.edu.cn/newsv2/show-24-341-1.html
从强制阐释论到公共阐释论――什么是文学？	文字斋讲座	傅其林	2017-09-17	http://news.cqu.edu.cn/newsv2/show-24-343-1.html
谢亿民《基于结构性能的建筑设计与实现》的讲座	重大讲座	谢亿民	2017-09-15	http://news.cqu.edu.cn/newsv2/show-24-345-1.html
关于举行成果导向的评量理念与设计工作坊的通知	教师教学发展工作坊	李纹霞	2017-09-13	http://news.cqu.edu.cn/newsv2/show-24-344-1.html
诺贝尔和平奖获得者、加州大学伯克利分校Daniel M. Kammen教授学术报告	工程科学前沿讲坛	Prof. Daniel M. Kammen	2017-09-13	http://news.cqu.edu.cn/newsv2/show-24-342-1.html
热储能系统中的热－水－力过程	建工讲坛	缪幸圆研究员	2017-09-08	http://news.cqu.edu.cn/newsv2/show-24-337-1.html
现代（全）钢结构结构轻量化设计理念与装配式建筑	建工讲坛	王仕统教授	2017-09-07	http://news.cqu.edu.cn/newsv2/show-24-338-1.html
报告题目“三维土坡稳定性极限分析研究进展”		高玉峰 教授	2017-09-07	http://news.cqu.edu.cn/newsv2/show-24-339-1.html
美国北卡罗来纳州立大学江小宁教授讲座	工程科学前沿讲坛	江小宁	2017-08-11	http://news.cqu.edu.cn/newsv2/show-24-335-1.html
新加坡国立大学Praveen LINGA教授学术报告会	工程科学前沿讲坛	Praveen LINGA	2017-07-17	http://news.cqu.edu.cn/newsv2/show-24-334-1.html
工程科学前沿讲坛：加拿大麦吉尔大学Stephen Yue教授学术报告会	工程科学前沿讲坛	Prof. Stephen Yue	2017-07-15	http://news.cqu.edu.cn/newsv2/show-24-333-1.html
Analysis of spatial data with a nested correlation structure	重大讲座	王友乾(澳大利亚昆士兰科技大学)	2017-07-11	http://news.cqu.edu.cn/newsv2/show-24-327-1.html
The Expected Discounted Penalty Function: From Infinite Time To Finite Time		李栓明	2017-07-10	http://news.cqu.edu.cn/newsv2/show-24-329-1.html
Olfactory function and its Deficits in Neurodegenerative disease	重大讲座	Qing Yang	2017-07-06	http://news.cqu.edu.cn/newsv2/show-24-328-1.html
美国俄亥俄州立大学首席讲座教授郭培宣学术报告会	重大讲座	郭培宣教授	2017-07-03	http://news.cqu.edu.cn/newsv2/show-24-323-1.html
生物马达、病毒组装与纳米技术应用		郭培宣（美国俄亥俄州立大学首席讲座教授）	2017-07-03	http://news.cqu.edu.cn/newsv2/show-24-325-1.html
名家会客厅讲座第176期预告：美国俄亥俄州立大学首席讲座教授郭培宣先生学术报告会	名家会客厅	郭培宣教授	2017-07-03	http://news.cqu.edu.cn/newsv2/show-24-324-1.html
美国俄亥俄州立大学首席讲座教授郭培宣先生学术报告会	重大讲座	郭培宣教授	2017-07-03	http://news.cqu.edu.cn/newsv2/show-24-326-1.html
数学与统计学院将举办“函数空间与算子理论暑期班”		Jingbo Xia 等	2017-06-27	http://sci.cqu.edu.cn/NewsCenter.aspx?c=10.02&&a=AR201704105424
2017年重庆数学会议		陈晓漫 等	2017-06-24	http://sci.cqu.edu.cn/NewsCenter.aspx?c=10.02&&a=AR201704105424
中国工程院顾大钊院士学术报告会	工程科学前沿讲坛	顾大钊	2017-06-23	http://news.cqu.edu.cn/newsv2/show-24-322-1.html
中国二重集团副总工程师、国务院特殊津贴获得者陈晓慈学术讲座	工程科学前沿讲坛	陈晓慈	2017-06-23	http://news.cqu.edu.cn/newsv2/show-24-314-1.html
Charge Dynamics in Nanodielectrics	工程科学前沿讲坛	George Chen （英国南安普顿大学、教授、IET院士和IEEE高级会员）	2017-06-19	http://news.cqu.edu.cn/newsv2/show-24-320-1.html
Scale Models and Their Application to the Analysis of Lightning Transients in Ov	工程科学前沿讲坛	Alexandre Piantini（巴西圣保罗大学、教授、IEEE高级会员和CIGRE工作组C4.407和 C4.408成员）	2017-06-19	http://news.cqu.edu.cn/newsv2/show-24-316-1.html
State of the Art in DC Power Cables Design for Underground and Submarine Cable L	工程科学前沿讲坛	Aleksandra Rakowska（波兰波兹南工业大学、教授、副校长）	2017-06-19	http://news.cqu.edu.cn/newsv2/show-24-315-1.html
Advanced Technologies for Transmission Systems (HVAC and HVDC)	工程科学前沿讲坛	Michael Muhr （奥地利格拉茨工业大学、教授、副校长）	2017-06-19	http://news.cqu.edu.cn/newsv2/show-24-317-1.html
The Dielectric Response of Electro-active Dielectrics: Charge-spring Model for U	工程科学前沿讲坛	Reimund Gerhard（德国波茨坦大学、教授、美国物理学会院士和欧洲物理学会院士）	2017-06-19	http://news.cqu.edu.cn/newsv2/show-24-318-1.html
Coatings for Power Network Equipment	工程科学前沿讲坛	Masoud Farzaneh （加拿大魁北克大学，教授，IEEE 院士、IET院士和加拿大工程院院士）	2017-06-19	http://news.cqu.edu.cn/newsv2/show-24-321-1.html
Insulating Materials for Next Generations of HVAC and HVDC Cable Systems	工程科学前沿讲坛	Stanislaw Gubanski（瑞典查尔姆斯工业大学、教授、IEEE院士和CIGRE杰出会员）	2017-06-19	http://news.cqu.edu.cn/newsv2/show-24-319-1.html
高通量材料集成计算：基于材料基因工程的计算和数据方法	工程科学前沿讲坛	杨小渝，研究员	2017-06-19	http://news.cqu.edu.cn/newsv2/show-24-311-1.html
重庆大学第五届交叉学科学术研讨会	工程科学前沿讲坛	孙宏斌等	2017-06-16	http://news.cqu.edu.cn/newsv2/show-24-313-1.html
摹仿论与现实主义理论的反思	文字斋讲座	张旭东	2017-06-15	http://news.cqu.edu.cn/newsv2/show-24-308-1.html
丝状微藻的筛选与生物膜贴壁培养技术研究进展	工程科学前沿讲坛	刘天中 研究员	2017-06-15	http://news.cqu.edu.cn/newsv2/show-24-310-1.html
“编年”与“诗史”	重大讲座	张旭东	2017-06-13	http://news.cqu.edu.cn/newsv2/show-24-307-1.html
华南理工大学招生宣讲会		相关负责人	2017-06-12	http://news.cqu.edu.cn/newsv2/show-24-309-1.html
重庆市高校云计算与大数据人才培养研讨会	工程科学前沿讲坛	沙行勉、陈超、刘鹏、汪林林、李波、李方清	2017-06-09	http://news.cqu.edu.cn/newsv2/show-24-303-1.html
公管讲坛第51讲	公管讲坛	万东华	2017-06-08	http://news.cqu.edu.cn/newsv2/show-24-302-1.html
浙江大学程军教授讲座	工程科学前沿讲坛	程军教授	2017-06-06	http://news.cqu.edu.cn/newsv2/show-24-297-1.html
日本九州大学今石宣之教授讲座	工程科学前沿讲坛	今石宣之教授	2017-06-05	http://news.cqu.edu.cn/newsv2/show-24-296-1.html
怎样理解儒家的政治法律思想	重大讲座	苏亦工	2017-06-03	http://news.cqu.edu.cn/newsv2/show-24-299-1.html
“小有产者”的理想及其不满――重读“汪三篇”（《受戒》、《岁寒三友》、《大淖记事》）	博雅讲座	罗岗	2017-06-02	http://news.cqu.edu.cn/newsv2/show-24-294-1.html
“逸夫楼”讲座预告 ―《大学生常见心理问题的识别与对策》	逸夫楼讲座	汪波	2017-05-31	http://news.cqu.edu.cn/newsv2/show-24-300-1.html
纳米材料国际顶级专家美国北卡大学Yuntian Zhu教授学术报告	工程科学前沿讲坛	Yuntian Zhu	2017-05-28	http://news.cqu.edu.cn/newsv2/show-24-292-1.html
回归建筑的文化	重大讲座	池雅洁	2017-05-27	http://news.cqu.edu.cn/newsv2/show-24-295-1.html
跨越国界的鲁迅-----从竹内好的《鲁迅》谈起	文字斋讲座	孙歌	2017-05-26	http://news.cqu.edu.cn/newsv2/show-24-293-1.html
天津商业大学申江教授讲座	工程科学前沿讲坛	申江教授	2017-05-25	http://news.cqu.edu.cn/newsv2/show-24-298-1.html
重庆大学缙云论坛	缙湖讲坛	MD Lloyd,林正红,陈爱军,庞珊珊,钟莉	2017-05-19	http://news.cqu.edu.cn/newsv2/show-24-287-1.html
计算机学院专家讲座	重大讲座	美国得克萨斯州山姆休斯顿大学王建忠教授	2017-05-19	http://news.cqu.edu.cn/newsv2/show-24-291-1.html
Regional characteristics and design of local public facilities		Prof. Shigemura	2017-05-18	http://news.cqu.edu.cn/newsv2/show-24-290-1.html
广州大学土木工程学院崔杰教授学术报告		崔杰	2017-05-16	http://news.cqu.edu.cn/newsv2/show-24-286-1.html
台湾中原大学黄坤锦教授通识教育讲座		黄坤锦	2017-05-16	http://news.cqu.edu.cn/newsv2/show-24-285-1.html
北京理工大学前沿交叉科学研究院陈小伟教授报告	工程科学前沿讲坛	陈小伟	2017-05-15	http://news.cqu.edu.cn/newsv2/show-24-283-1.html
浙江大学航空航天学院曲绍兴教授报告	工程科学前沿讲坛	曲绍兴	2017-05-15	http://news.cqu.edu.cn/newsv2/show-24-281-1.html
美国马里兰大学汽车教授讲座	汽车工程前沿讲坛	Michael Pecht教授	2017-05-12	http://news.cqu.edu.cn/newsv2/show-24-279-1.html
第二届嘉陵江化学化工学术前沿论坛		罗和安、廖世军等校内外教授	2017-05-12	http://news.cqu.edu.cn/newsv2/show-24-280-1.html
知识产权的私权属性与政策功能		吴汉东	2017-05-11	http://news.cqu.edu.cn/newsv2/show-24-278-1.html
中国工程院殷瑞钰院士学术报告会	工程科学前沿讲坛	殷瑞钰	2017-05-11	http://news.cqu.edu.cn/newsv2/show-24-276-1.html
意大利都灵理工大学Barla教授来校讲座	工程科学前沿讲坛	Giovanni Barla教授	2017-05-10	http://news.cqu.edu.cn/newsv2/show-24-277-1.html
中国工程院何季麟院士学术报告会	工程科学前沿讲坛	何季麟	2017-05-06	http://news.cqu.edu.cn/newsv2/show-24-274-1.html
2017重庆大学动力系统研讨会		黄小军等	2017-05-04	http://news.cqu.edu.cn/newsv2/show-24-273-1.html
何江谈肿瘤分子影像和纳米医学		何江	2017-05-03	http://news.cqu.edu.cn/newsv2/show-24-275-1.html
计算机学院专家讲座		杨子江（西密西根大学计算机科学系教授）	2017-04-28	http://news.cqu.edu.cn/newsv2/show-24-271-1.html
美国普渡大学Linda S.Lee 教授学术讲座	工程科学前沿讲坛	Linda S.Lee 教授	2017-04-27	http://news.cqu.edu.cn/newsv2/show-24-260-1.html
苏州热工研究院运行技术部总工程师郭建兵研究员讲座	工程科学前沿讲坛	郭建兵研究员	2017-04-27	http://news.cqu.edu.cn/newsv2/show-24-270-1.html
中国工程院王玉忠院士学术报告会	工程科学前沿讲坛	王玉忠	2017-04-25	http://news.cqu.edu.cn/newsv2/show-24-269-1.html
绿能产业发展、国际环境公约与WTO自由贸易精神之调和	重大讲座	许耀明	2017-04-24	http://news.cqu.edu.cn/newsv2/show-24-272-1.html
刘继明谈个人化、人民性与历史观 兼谈“新社会主义文学	文字斋讲座	刘继明	2017-04-22	http://news.cqu.edu.cn/newsv2/show-24-266-1.html
刘小红谈儿童亲子阅读		刘小红	2017-04-22	http://news.cqu.edu.cn/newsv2/show-24-268-1.html
人群中的人：黑色电影和现代侦探	博雅讲座	毛尖	2017-04-21	http://news.cqu.edu.cn/newsv2/show-24-265-1.html
李春谈抗逆生物转化系统的构建与应用		李春	2017-04-21	http://news.cqu.edu.cn/newsv2/show-24-267-1.html
温铁军谈全球危机与中国道路	重大讲座	温铁军	2017-04-18	http://news.cqu.edu.cn/newsv2/show-24-263-1.html
王心扬谈跨国主义与美国移民史学	文字斋讲座	王心扬	2017-04-18	http://news.cqu.edu.cn/newsv2/show-24-264-1.html
傅强谈界面和表面催化		傅强	2017-04-17	http://news.cqu.edu.cn/newsv2/show-24-261-1.html
黄延强谈航天航空催化剂技术		黄延强	2017-04-17	http://news.cqu.edu.cn/newsv2/show-24-262-1.html
“为世界而爱”：语文学，世界文学和人文主义	博雅讲座	童庆生	2017-04-15	http://news.cqu.edu.cn/newsv2/show-24-258-1.html
英国考文垂大学教授讲座	工程科学前沿讲坛	林明锦（Ming K. Lim）教授	2017-04-14	http://news.cqu.edu.cn/newsv2/show-24-255-1.html
美国机械工程师协会会士樊奇学术报告会	工程科学前沿讲坛	樊奇	2017-04-10	http://news.cqu.edu.cn/newsv2/show-24-254-1.html
第69期经管论坛--论文写作交流分享系列讲座	经管讲坛	张盼 杨娜	2017-04-07	http://news.cqu.edu.cn/newsv2/show-24-251-1.html
清华大学庄茁教授工程科学前沿讲坛报告	工程科学前沿讲坛	庄茁	2017-04-07	http://news.cqu.edu.cn/newsv2/show-24-252-1.html
旅拍人像实战攻略，版主讲摄影--――建筑馆双脚丈量地球之系列讲座		王子	2017-03-25	http://news.cqu.edu.cn/newsv2/show-24-246-1.html
韩国工学翰林院辛光善院士讲座	工程科学前沿讲坛	Prof. Kwang Seon Shin	2017-03-24	http://news.cqu.edu.cn/newsv2/show-24-248-1.html
中建讲坛”第8讲：回归大地――西部建筑创作实践	中建讲坛	赵元超	2017-03-23	http://news.cqu.edu.cn/newsv2/show-24-247-1.html
北京大学特聘教授王希谈民主的异化	博雅讲座	王希	2017-03-21	http://news.cqu.edu.cn/newsv2/show-24-244-1.html
亚伯拉罕・林肯与美国奴隶制的终结	重庆讲座	埃里克・方纳（Eric Foner）教授	2017-03-20	http://news.cqu.edu.cn/newsv2/show-24-243-1.html
中国工程院谭建荣院士学术报告会	工程科学前沿讲坛	谭建荣 中国工程院院士	2017-03-20	http://news.cqu.edu.cn/newsv2/show-24-245-1.html
清代群体性事件的法律约束及其效果	重大讲座	林乾	2017-03-11	http://news.cqu.edu.cn/newsv2/show-24-239-1.html
美国宾夕法尼亚州立大学教授讲座	工程科学前沿讲坛	FAN-BILL CHEUNG教授	2017-03-10	http://news.cqu.edu.cn/newsv2/show-24-241-1.html
中国工程院范维澄院士讲座	工程科学前沿讲坛	范维澄	2017-03-09	http://news.cqu.edu.cn/newsv2/show-24-240-1.html
土木工程学院院士专家学术报告之翟恩地讲座	重大讲座	翟恩地	2017-03-09	http://news.cqu.edu.cn/newsv2/show-24-242-1.html
土木工程学院院士专家系列报告之田村幸雄讲座	重大讲座	田村幸雄 院士	2017-02-23	http://news.cqu.edu.cn/newsv2/show-24-238-1.html
华北电力大学刘石教授讲座	工程科学前沿讲坛	刘石教授	2017-01-17	http://news.cqu.edu.cn/newsv2/show-24-237-1.html
澳大利亚莫纳什大学铝合金专家学术讲座	工程科学前沿讲坛	Prof. Malcolm James COUPER	2017-01-09	http://news.cqu.edu.cn/newsv2/show-24-236-1.html
香港大学―重庆大学“城市转型与治理”系列学术活动	博硕论坛	何深静副教授，香港大学	2016-12-23	http://news.cqu.edu.cn/newsv2/show-24-235-1.html
增强现实头戴显示技术研究进展	光电讲坛	王涌天	2016-12-17	http://news.cqu.edu.cn/newsv2/show-24-234-1.html
太赫兹成像和成谱技术及其应用	光电讲坛	朱亦鸣	2016-12-17	http://news.cqu.edu.cn/newsv2/show-24-233-1.html
美国软件工程专家学术讲座	工程科学前沿讲坛	Nan Niu Ph.D	2016-12-15	http://news.cqu.edu.cn/newsv2/show-24-229-1.html
澳大利亚格里菲斯大学教授讲座	工程科学前沿讲坛	张山青 教授	2016-12-14	http://news.cqu.edu.cn/newsv2/show-24-232-1.html
【创新基地?专题培训】关于进行Unity3D专题培训的预告		况山	2016-12-13	http://news.cqu.edu.cn/newsv2/show-24-223-1.html
澳大利亚昆士兰大学教授讲座	工程科学前沿讲坛	Professor Andrej Atrens	2016-12-10	http://news.cqu.edu.cn/newsv2/show-24-227-1.html
Sustainable biomass for energy storage devices	工程科学前沿讲坛	张山青教授	2016-12-09	http://news.cqu.edu.cn/newsv2/show-24-231-1.html
公管讲坛：社会科学中的计算思维	公管讲坛	李晓明 教授（北京大学）	2016-12-09	http://news.cqu.edu.cn/newsv2/show-24-228-1.html
“逸夫楼”讲座 ―《考研英语阅读与写作解析》	逸夫楼讲座	刘博	2016-12-07	http://news.cqu.edu.cn/newsv2/show-24-225-1.html
路遥和《平凡的世界》	文字斋讲座	薛毅	2016-12-05	http://news.cqu.edu.cn/newsv2/show-24-219-1.html
关于举办职通讲坛第53期《选调生考情分析与真题解析》的通知	职通讲坛	迟鹏程	2016-12-01	http://news.cqu.edu.cn/newsv2/show-24-220-1.html
中国工程院雷清泉院士讲座	工程科学前沿讲坛	雷清泉 院士	2016-11-26	http://news.cqu.edu.cn/newsv2/show-24-222-1.html
韩国蔚山国家科学与技术研究院教授讲座	工程科学前沿讲坛	Prof. Rodney S. Ruoff	2016-11-25	http://news.cqu.edu.cn/newsv2/show-24-218-1.html
俄罗斯著名女高音歌唱家Olga Kondina教授来我校艺术学院讲课	重大讲座	Olga Kondina	2016-11-21	http://news.cqu.edu.cn/newsv2/show-24-202-1.html
“新世纪重庆文学走向”重庆市现当代文学研究会第十届年会暨学术研讨会召开		王本朝、周晓风、吕进	2016-11-19	http://news.cqu.edu.cn/newsv2/show-24-217-1.html
史学研究与史料研读	博雅讲座	史党社	2016-11-17	http://news.cqu.edu.cn/newsv2/show-24-214-1.html
计算机专家讲座		台湾清华大学信息工程系机何宗易教授	2016-11-15	http://news.cqu.edu.cn/newsv2/show-24-215-1.html
文明冲突、恐怖主义与全球化	文字斋讲座	范可	2016-11-12	http://news.cqu.edu.cn/newsv2/show-24-211-1.html
“中建讲坛”第7讲：汶川地震震害与建筑结构设计	中建讲坛	冯远	2016-11-10	http://news.cqu.edu.cn/newsv2/show-24-206-1.html
关于举办职通讲坛第52期《你的礼仪价值百万》讲座的通知	职通讲坛	沈琼	2016-11-10	http://news.cqu.edu.cn/newsv2/show-24-208-1.html
安全通论――刷新你的安全观念		杨义先	2016-11-10	http://news.cqu.edu.cn/newsv2/show-24-212-1.html
三峡工程与水利水电科技发展		郑守仁	2016-11-09	http://news.cqu.edu.cn/newsv2/show-24-209-1.html
新一代中国地震动参数区划图及其工程应用		陈国兴	2016-11-09	http://news.cqu.edu.cn/newsv2/show-24-210-1.html
德国大陆集团高级工程师做客汽车工程前言讲坛	汽车工程前沿讲坛	陈祯福教授	2016-11-09	http://news.cqu.edu.cn/newsv2/show-24-207-1.html
公管讲坛：“一带一路”战略的公共性质和创新公共管理对“一带一路”的作用	公管讲坛	黄建钢教授	2016-11-08	http://news.cqu.edu.cn/newsv2/show-24-203-1.html
中国社会科学院冯颜利教授讲座	公管讲坛	冯颜利教授	2016-11-04	http://news.cqu.edu.cn/newsv2/show-24-201-1.html
测量不确定度初探--以索力动测仪校准体系为例		郑罡	2016-11-04	http://news.cqu.edu.cn/newsv2/show-24-204-1.html
蒸压加气混凝土研究及应用		张京街	2016-11-04	http://news.cqu.edu.cn/newsv2/show-24-205-1.html
美国德克萨斯州JPS医疗集团战略规划部主管、前福特汽车研发中心车身工程技术专家讲座	汽车工程前沿讲坛	Rama Koganti	2016-11-03	http://news.cqu.edu.cn/newsv2/show-24-199-1.html
优质课程建设系列培训讲座	优质课程建设培训	何淑冰	2016-11-02	http://news.cqu.edu.cn/newsv2/show-24-197-1.html
优质课程建设系列培训工作坊	优质课程建设培训	何淑冰	2016-11-02	http://news.cqu.edu.cn/newsv2/show-24-198-1.html
澳大利亚科廷大学吴宏伟教授讲座	工程科学前沿讲坛	吴宏伟教授	2016-10-31	http://news.cqu.edu.cn/newsv2/show-24-194-1.html
中国科学院陈维江院士讲座	工程科学前沿讲坛	陈维江 院士	2016-10-29	http://news.cqu.edu.cn/newsv2/show-24-196-1.html
中国工程院李立圃菏拷沧	工程科学前沿讲坛	李立 院士	2016-10-29	http://news.cqu.edu.cn/newsv2/show-24-195-1.html
罗马法的源与流		张礼洪教授	2016-10-29	http://news.cqu.edu.cn/newsv2/show-24-179-1.html
中国宏观经济：“危”与“机”	名家会客厅	曾国平	2016-10-27	http://news.cqu.edu.cn/newsv2/show-24-192-1.html
关于举行重庆大学优质课程建设培训第1次工作坊的通知	优质课程建设培训	李纹霞	2016-10-25	http://news.cqu.edu.cn/newsv2/show-24-177-1.html
关于举行新教师“单堂课设计之有效教学结构”工作坊的通知	教师教学发展工作坊	李纹霞	2016-10-24	http://news.cqu.edu.cn/newsv2/show-24-176-1.html
关于举行“通识教育课程建设”讲座的通知	优质课程建设培训	李纹霞	2016-10-24	http://news.cqu.edu.cn/newsv2/show-24-178-1.html
国家杰出青年科学基金获得者张冠军教授讲座	工程科学前沿讲坛	张冠军 教授	2016-10-22	http://news.cqu.edu.cn/newsv2/show-24-187-1.html
国家杰出青年科学基金获得者党智敏教授讲座	工程科学前沿讲坛	党智敏 教授	2016-10-22	http://news.cqu.edu.cn/newsv2/show-24-186-1.html
国家百千万人才王维俊教授讲座	工程科学前沿讲坛	王维俊 教授	2016-10-22	http://news.cqu.edu.cn/newsv2/show-24-190-1.html
国家杰出青年科学基金获得者何正友教授讲座	工程科学前沿讲坛	何正友 教授	2016-10-22	http://news.cqu.edu.cn/newsv2/show-24-183-1.html
国家杰出青年科学基金获得者康重庆教授讲座	工程科学前沿讲坛	康重庆 教授	2016-10-22	http://news.cqu.edu.cn/newsv2/show-24-182-1.html
现代职业形象设计：全球化时代职业人士的必修课	重大讲座	徐晶	2016-10-22	http://news.cqu.edu.cn/newsv2/show-24-191-1.html
国家杰出青年科学基金获得者肖立业研究员讲座	工程科学前沿讲坛	肖立业 研究员	2016-10-22	http://news.cqu.edu.cn/newsv2/show-24-180-1.html
职通讲坛第51期《易宠科技传奇创业》分享活动	职通讲坛	易宠科技创始人余振等	2016-10-20	http://news.cqu.edu.cn/newsv2/show-24-175-1.html
香港理工大学汽车专家讲座	汽车工程前沿讲坛	成利教授	2016-10-19	http://news.cqu.edu.cn/newsv2/show-24-172-1.html
关于举办职通讲坛第50期《腾讯HR带你玩转互联网企业》的通知	就业指导工作坊	赵科	2016-10-16	http://news.cqu.edu.cn/newsv2/show-24-173-1.html
沈家本的德与法		沈厚铎	2016-10-16	http://news.cqu.edu.cn/newsv2/show-24-170-1.html
基于物联网云的全球工业服务化	重大讲座	Dr. Rong CHANG s 博士	2016-10-13	http://news.cqu.edu.cn/newsv2/show-24-174-1.html
新加坡科技研究局张婕研究员讲座	工程科学前沿讲坛	Dr. Jie Zhang	2016-10-10	http://news.cqu.edu.cn/newsv2/show-24-167-1.html
计算机专家讲座Digital Watermarking: Concept, Current Status, and Challenges	重大讲座	Prof.∵Yong∵Xiang	2016-10-09	http://news.cqu.edu.cn/newsv2/show-24-169-1.html
德国物理学会专家Aeschlimann教授讲解纳米光电子学最新进展	工程科学前沿讲坛	Martin Aeschlimann教授	2016-10-08	http://news.cqu.edu.cn/newsv2/show-24-168-1.html
全面推行“营改增”背景下的中央与地方财政关系法治化	名家会客厅	陈少英 朱大旗 熊伟	2016-09-25	http://news.cqu.edu.cn/newsv2/show-24-165-1.html
春秋战国的“国际关系”		赵鼎新教授	2016-09-23	http://news.cqu.edu.cn/newsv2/show-24-164-1.html
澳大利亚昆士兰大学教授讲座	工程科学前沿讲坛	Prof. Jin Zou	2016-09-23	http://news.cqu.edu.cn/newsv2/show-24-166-1.html
美国韦恩州立大学汽车专家讲座	汽车工程前沿讲坛	周启峰 教授	2016-09-21	http://news.cqu.edu.cn/newsv2/show-24-163-1.html
加拿大麦吉尔大学In-Ho Jung教授学术报告	工程科学前沿讲坛	In-Ho Jung 教授	2016-09-20	http://news.cqu.edu.cn/newsv2/show-24-161-1.html
中国科学院叶培建院士讲座：中国的探月工程	工程科学前沿讲坛	叶培建	2016-09-19	http://news.cqu.edu.cn/newsv2/show-24-162-1.html
模拟自然、设计材料C模拟窑洞水热合成智能空调建筑材料		景镇子教授	2016-09-13	http://news.cqu.edu.cn/newsv2/show-24-157-1.html
Rapidly and highly effective conversion of biomass and CO2 into chemicals and fu		Professor Fangming Jin	2016-09-13	http://news.cqu.edu.cn/newsv2/show-24-158-1.html
英国伦敦大学学院郭正晓教授讲座	工程科学前沿讲坛	郭正晓	2016-09-11	http://news.cqu.edu.cn/newsv2/show-24-160-1.html
山东大学法学院院长沈伟教授讲中国双边投资协议	重大讲座	沈伟	2016-09-10	http://news.cqu.edu.cn/newsv2/show-24-155-1.html
中国环境资源法学研究会会长蔡守秋教授在重大主讲公众公用物的治理	重大讲座	蔡守秋	2016-09-08	http://news.cqu.edu.cn/newsv2/show-24-156-1.html
韩国科学技术院专家学术讲座	汽车工程前沿讲坛	Dongsuk Kum 韩国科学技术院	2016-09-02	http://news.cqu.edu.cn/newsv2/show-24-154-1.html
王中林院士学术报告会	重大讲座	王中林 院士	2016-07-25	http://news.cqu.edu.cn/newsv2/show-24-153-1.html
美国密西根大学教授讲座	工程科学前沿讲坛	王鲁闽 密西根大学终身教授，核科学及核工程专家	2016-07-12	http://news.cqu.edu.cn/newsv2/show-24-150-1.html
Nanocatalysis and in situ/operando studies		陶峰教授-美国堪萨斯大学	2016-07-11	http://news.cqu.edu.cn/newsv2/show-24-152-1.html
政体与政道：中西政治比较分析	文字斋讲座	王绍光	2016-07-10	http://news.cqu.edu.cn/newsv2/show-24-149-1.html
泰国孔敬大学Alissara Reungsang教授讲座	工程科学前沿讲坛	Prof. Alissara Reungsang	2016-07-09	http://news.cqu.edu.cn/newsv2/show-24-151-1.html
多原子分子解离吸附过程中的模式特异性和键选择性	重大讲座	郭华教授 美国新墨西哥大学	2016-06-23	http://news.cqu.edu.cn/newsv2/show-24-148-1.html
Lithium Rechargeable Battery Research and Development		Gao LIU (Lawrence Berkeley National Laboratory, USA)	2016-06-22	http://news.cqu.edu.cn/newsv2/show-24-147-1.html
美国福特汽车专家吕建波讲座	汽车工程前沿讲坛	吕建波	2016-06-20	http://news.cqu.edu.cn/newsv2/show-24-145-1.html
政治地理学与现代世界史观	重大讲座	刘小枫	2016-06-19	http://news.cqu.edu.cn/newsv2/show-24-144-1.html
数码转型时代的文化地形	文字斋讲座	戴锦华	2016-06-17	http://news.cqu.edu.cn/newsv2/show-24-137-1.html
美国罗格斯新泽西州立大学教授讲座	工程科学前沿讲坛	Prof. David W. Coit	2016-06-17	http://news.cqu.edu.cn/newsv2/show-24-143-1.html
美国理工科研究生申请解析	逸夫楼讲座	韦小丽	2016-06-15	http://news.cqu.edu.cn/newsv2/show-24-142-1.html
&quot庭审进校园&quot系列活动之工伤保险待遇纠纷案		重庆市九龙坡区人民法院	2016-06-15	http://news.cqu.edu.cn/newsv2/show-24-140-1.html
2016高雅艺术进校园全国高等学校艺术教育专家“聆听音乐 生发畅想”专题讲座		周荫昌	2016-06-14	http://news.cqu.edu.cn/newsv2/show-24-141-1.html
第15届国际铝合金大会	工程科学前沿讲坛	张海，James Liu，Laurent Chappuis，Tatsuo Sato，聂建峰等	2016-06-14	http://news.cqu.edu.cn/newsv2/show-24-138-1.html
张源辉教授讲座	工程科学前沿讲坛	张源辉 教授	2016-06-12	http://news.cqu.edu.cn/newsv2/show-24-139-1.html
第12期预告：另眼看《水浒》 平心说侠义	名家零距离	蓝锡麟	2016-06-07	http://news.cqu.edu.cn/newsv2/show-24-136-1.html
A Smart New World: The Dream and Reality of Cyber Physical Systems	名家会客厅	P rof. Sang Son（IEEE Fellow，韩国工程院院士，韩国科学院院士）	2016-06-06	http://news.cqu.edu.cn/newsv2/show-24-130-1.html
重庆大学优质课程建设培训第三次讲座	优质课程建设培训	陆国栋	2016-06-03	http://news.cqu.edu.cn/newsv2/show-24-135-1.html
“面霸”修炼宝典：大学生面试技巧与策略	职通讲坛	彭语良	2016-06-02	http://news.cqu.edu.cn/newsv2/show-24-111-1.html
乔利杰谈历久尚新的环境断裂		乔利杰 教授	2016-06-02	http://news.cqu.edu.cn/newsv2/show-24-129-1.html
《Nature》期刊主编讲座：如何在《Nature》及其姊妹刊上发表文章	重大讲座	《Nature》系列期刊大中华区执行主编 Ed Gerstner	2016-06-02	http://news.cqu.edu.cn/newsv2/show-24-132-1.html
美国福特专家讲座：Automotive Body Structure C Functional Considerations	汽车工程前沿讲坛	Richard W. Vanker	2016-06-01	http://news.cqu.edu.cn/newsv2/show-24-134-1.html
面向绿色化工分子热力学及系统集成	重大讲座	张香平 中科院过程工程研究所研究员	2016-06-01	http://news.cqu.edu.cn/newsv2/show-24-128-1.html
新加坡国立大学教授讲座	工程科学前沿讲坛	Prof. Jim Yang Lee	2016-06-01	http://news.cqu.edu.cn/newsv2/show-24-124-1.html
Zhongxiang Shen 谈共形端射式低剖面宽带天线技术	重大讲座	Zhongxiang Shen 新加坡南洋理工大学教授	2016-05-31	http://news.cqu.edu.cn/newsv2/show-24-126-1.html
高效光、电化学产氢催化剂的设计与思考		胡劲松 中国科学院化学研究所研究员	2016-05-31	http://news.cqu.edu.cn/newsv2/show-24-114-1.html
黄广斌教授谈从AlphaGo战胜人类展望机器学习的新趋势	重大讲座	Guang-Bin Huang(黄广斌) 新加坡南洋理工大学副教授 (tenured) IEEE Senior Member	2016-05-30	http://news.cqu.edu.cn/newsv2/show-24-125-1.html
国家杰出青年基金获得者朱万成教授讲座	工程科学前沿讲坛	朱万成	2016-05-28	http://news.cqu.edu.cn/newsv2/show-24-122-1.html
中国工程院李根生院士讲座	工程科学前沿讲坛	李根生	2016-05-28	http://news.cqu.edu.cn/newsv2/show-24-119-1.html
973首席科学家冯雪教授讲座	工程科学前沿讲坛	冯雪	2016-05-27	http://news.cqu.edu.cn/newsv2/show-24-123-1.html
关于举办就业指导讲座职通讲坛第45期之中兴通讯分享会的通知	职通讲坛	吴勇	2016-05-26	http://news.cqu.edu.cn/newsv2/show-24-110-1.html
重大讲座-“杰青”许国旺研究员学术讲座		许国旺 研究员 中国科学院大连化学物理研究所	2016-05-25	http://news.cqu.edu.cn/newsv2/show-24-113-1.html
网络犯罪预防与国际立法：来自分布式拒绝服务攻击的证据	经管讲坛	Kai-Lung Hui 教授	2016-05-24	http://news.cqu.edu.cn/newsv2/show-24-108-1.html
新加坡国立大学丁军教授讲座	工程科学前沿讲坛	丁军	2016-05-24	http://news.cqu.edu.cn/newsv2/show-24-112-1.html
中国科学院孔文俊研究员讲座	工程科学前沿讲坛	孔文俊 研究员	2016-05-20	http://news.cqu.edu.cn/newsv2/show-24-109-1.html
西安热工研究院聂剑平研究员讲座	工程科学前沿讲坛	聂剑平 研究员	2016-05-19	http://news.cqu.edu.cn/newsv2/show-24-100-1.html
大学英语拓展课程创新理念与实践：课程设置设计与评价	教师教学发展工作坊	夏纪梅	2016-05-19	http://news.cqu.edu.cn/newsv2/show-24-104-1.html
澳大利亚工程院院士、西澳大学教授讲座	工程科学前沿讲坛	张东柯 教授	2016-05-19	http://news.cqu.edu.cn/newsv2/show-24-98-1.html
重庆大学第67期经管论坛之创业分享会	经管讲坛	冯俊阳	2016-05-18	http://news.cqu.edu.cn/newsv2/show-24-106-1.html
北卡罗来纳州立大学教授讲座	工程科学前沿讲坛	Prof. K. Linga. Murty	2016-05-18	http://news.cqu.edu.cn/newsv2/show-24-107-1.html
思维导图导航英语教师专业发展工作坊	教师教学发展工作坊	夏纪梅	2016-05-18	http://news.cqu.edu.cn/newsv2/show-24-103-1.html
如何成为一名汽车造型设计师	汽车工程前沿讲坛	岩田正史	2016-05-18	http://news.cqu.edu.cn/newsv2/show-24-101-1.html
2016年重庆市科技活动周“科学名家面对面”系列讲座		郑永春	2016-05-16	http://news.cqu.edu.cn/newsv2/show-24-93-1.html
重庆市2016年科技活动周系列活动――创新引领・共享发展 走进“智能与生物感知”新世界	重大讲座	重庆川鼎股权投资有限公司 投资总监 严加盛；重庆大学 田逢春教授 李正周教授；创新创业大赛组委会	2016-05-16	http://news.cqu.edu.cn/newsv2/show-24-105-1.html
Bona Fide Optical Discs and Players for Molecular Diagnostics	重大讲座	于化忠 加拿大西蒙弗雷泽大学化学系教授	2016-05-13	http://news.cqu.edu.cn/newsv2/show-24-96-1.html
“我的课堂我的场―教你如何HOLD住课堂”工作坊	教师教学发展工作坊	陈圆	2016-05-13	http://news.cqu.edu.cn/newsv2/show-24-72-1.html
职通讲坛第43期――龙湖分享会	职通讲坛	廖波	2016-05-12	http://news.cqu.edu.cn/newsv2/show-24-78-1.html
“翻转课堂教学设计与实践”工作坊	教师教学发展工作坊	何聚厚	2016-05-11	http://news.cqu.edu.cn/newsv2/show-24-90-1.html
电化学及电致化学发光生物传感器信号放大策略	重大讲座	袁若 西南大学化学化工学院院长	2016-05-08	http://news.cqu.edu.cn/newsv2/show-24-95-1.html
国家杰出青年科学基金获得者牛利谈界面电化学基础及应用	重大讲座	牛利 中科院长春应用化学研究所研究员	2016-05-08	http://news.cqu.edu.cn/newsv2/show-24-94-1.html
重庆大学经济与工商管理学院会计系Seminar预告	经管讲坛	吴联生	2016-05-06	http://news.cqu.edu.cn/newsv2/show-24-91-1.html
重庆大学优质课程建设系列培训（2）	优质课程建设培训	萧德瑛	2016-05-05	http://news.cqu.edu.cn/newsv2/show-24-86-1.html
【创新基地?名家零距离】名家零距离讲座第11期预告：学术不端与现代性	名家会客厅	张德昭	2016-05-05	http://news.cqu.edu.cn/newsv2/show-24-89-1.html
文化翻身：梁漱溟之问	重大讲座	罗志田	2016-05-04	http://news.cqu.edu.cn/newsv2/show-24-88-1.html
重庆大学优质课程建设系列培训（1）	优质课程建设培训	萧德瑛	2016-05-04	http://news.cqu.edu.cn/newsv2/show-24-85-1.html
大数据时代的系统结构与创新技术论坛及研讨会		Ahmed Louri，IEEEFellow，Edwin Sha ，李涛，邵子立	2016-05-04	http://news.cqu.edu.cn/newsv2/show-24-87-1.html
Modeling and Control of Discrete Event Systems: Automata and Petri Nets Perspect		李志武	2016-04-29	http://news.cqu.edu.cn/newsv2/show-24-81-1.html
智能制造与先进夹具技术	汽车工程前沿讲坛	袁华	2016-04-29	http://news.cqu.edu.cn/newsv2/show-24-82-1.html
重大讲座：武汉大学雷爱文教授	重大讲座	雷爱文教授（杰青、长江学者）	2016-04-28	http://news.cqu.edu.cn/newsv2/show-24-84-1.html
角色管理与职业发展	教师教学发展工作坊	罗章	2016-04-27	http://news.cqu.edu.cn/newsv2/show-24-77-1.html
采用摩擦起电效应的能量采集和自供电传感技术	光电讲坛	朱光	2016-04-27	http://news.cqu.edu.cn/newsv2/show-24-83-1.html
丹麦院士讲座（二）	工程科学前沿讲坛	Prof. Niels Hansen (Technical Univertsiy of Denmark, Denmark)	2016-04-26	http://news.cqu.edu.cn/newsv2/show-24-80-1.html
丹麦院士讲座（一）	工程科学前沿讲坛	Prof. Dorte Juul Jensen (Technical Univertsiy of Denmark, Denark)	2016-04-26	http://news.cqu.edu.cn/newsv2/show-24-79-1.html
万达商业分享会	职通讲坛	危非	2016-04-26	http://news.cqu.edu.cn/newsv2/show-24-69-1.html
硫化橡胶自修复	工程科学前沿讲坛	章明秋 中山大学教授	2016-04-23	http://news.cqu.edu.cn/newsv2/show-24-73-1.html
中国古代文化中的外来元素	逸夫楼讲座	马伯庸	2016-04-22	http://news.cqu.edu.cn/newsv2/show-24-68-1.html
内燃机节能减排解读 兼谈替代燃料	汽车工程前沿讲坛	姚春德 教授，天津大学	2016-04-22	http://news.cqu.edu.cn/newsv2/show-24-71-1.html
“在线课程设计与制作系列”工作坊（第二场）	教师教学发展工作坊	李珩	2016-04-22	http://news.cqu.edu.cn/newsv2/show-24-58-1.html
MOOC设计与翻转课堂在清华大学的实践	教师教学发展工作坊	王帅国	2016-04-22	http://news.cqu.edu.cn/newsv2/show-24-76-1.html
Nanostructured Materials for Energy Conversion and Storage	重大讲座	孙学良教授	2016-04-22	http://news.cqu.edu.cn/newsv2/show-24-74-1.html
CO2 电化学还原产生低碳燃料：挑战与前景	重大讲座	张久俊院士	2016-04-22	http://news.cqu.edu.cn/newsv2/show-24-75-1.html
通信工程学院专家系列报告会：张大鹏教授谈高级生物特征识别技术		香港理工大学讲习/特聘教授，IEEE&IAPR Fellow：David Zhang （张大鹏）	2016-04-21	http://news.cqu.edu.cn/newsv2/show-24-66-1.html
澳大利亚工程院院士讲座	工程科学前沿讲坛	Dr. Michael Hood, Fellow of the Australian Academy of Technological Sciences and Engineering	2016-04-21	http://news.cqu.edu.cn/newsv2/show-24-67-1.html
“教学领导修炼力：教师怎样养成强大的教学影响力”	教师教学发展工作坊	彭江	2016-04-20	http://news.cqu.edu.cn/newsv2/show-24-70-1.html
教师教学发展中心面向全校教师举行“保护嗓子的科学发声方法”工作坊	教师教学发展工作坊	苏勤	2016-04-15	http://news.cqu.edu.cn/newsv2/show-24-51-1.html
名家会客厅讲座：诗化人生 唐人的比兴艺术	名家会客厅	刘明华	2016-04-15	http://news.cqu.edu.cn/newsv2/show-24-60-1.html
Comparative Financial Regulation――金融法比较研究		Denis Galligan 牛津大学教授	2016-04-14	http://news.cqu.edu.cn/newsv2/show-24-61-1.html
中国共产党的政治正当性与当代中国政党政治学的建立	文字斋讲座	谢茂松	2016-04-13	http://news.cqu.edu.cn/newsv2/show-24-55-1.html
关于开展就业指导工作坊第9期之无领导小组面试实战演练的通知	就业指导工作坊	赵楠、刘丽娟、高洁、何薇	2016-04-13	http://news.cqu.edu.cn/newsv2/show-24-64-1.html
“在线课程设计与制作系列”工作坊（第一场）	教师教学发展工作坊	李珩	2016-04-13	http://news.cqu.edu.cn/newsv2/show-24-57-1.html
孟庆波谈新型钙钛矿太阳能电池		孟庆波 中国科学院物理研究所教授	2016-04-13	http://news.cqu.edu.cn/newsv2/show-24-65-1.html
建规院举办《城市设计的作用、意义和案例赏析》专题讲座	重大讲座	林纪	2016-04-11	http://news.cqu.edu.cn/newsv2/show-24-63-1.html
聚焦技术?做风电装备行业领导者	工程科学前沿讲坛	陶友传博士，重庆船舶工业公司总工程师	2016-04-08	http://news.cqu.edu.cn/newsv2/show-24-52-1.html
“促进有效教学的PPT设计与优化”工作坊	教师教学发展工作坊	李倩	2016-04-08	http://news.cqu.edu.cn/newsv2/show-24-45-1.html
就业指导工作坊:简历制作技巧提升	就业指导工作坊	奉飞	2016-04-07	http://news.cqu.edu.cn/newsv2/show-24-56-1.html
宗保宁谈基本有机化学品绿色生产技术		宗保宁 中国石油化工科学研究院副总工程师	2016-04-07	http://news.cqu.edu.cn/newsv2/show-24-50-1.html
“合唱艺术 完美人声”工作坊	教师教学发展工作坊	尹恒	2016-04-06	http://news.cqu.edu.cn/newsv2/show-24-49-1.html
技术与城市的对话：以ArcGIS为主的新技术体系探索		黄积小	2016-04-06	http://news.cqu.edu.cn/newsv2/show-24-59-1.html
土木工程学院院士专家系列报告会之龚晓南：我的科研一生思考和体会	建工讲坛	浙江大学 龚晓南院士	2016-04-03	http://news.cqu.edu.cn/newsv2/show-24-54-1.html
土木工程学院院士专家系列报告会之王浩：海绵城市发展	建工讲坛	中国水利水电科学研究院 王浩院士	2016-04-03	http://news.cqu.edu.cn/newsv2/show-24-53-1.html
教师教学发展中心面向全校师生举办“促进有效教学的PPT设计与优化”工作坊	教师教学发展工作坊	李倩	2016-04-01	http://news.cqu.edu.cn/newsv2/show-24-44-1.html
屠基元教授讲座	工程科学前沿讲坛	屠基元 教授	2016-04-01	http://news.cqu.edu.cn/newsv2/show-24-41-1.html
《昭明文选》的版本与海外《文选》学	博雅讲座	罗国威	2016-03-31	http://news.cqu.edu.cn/newsv2/show-24-46-1.html
教师教学发展中心举办“板书的设计与展示”工作坊	教师教学发展工作坊	王佳眉	2016-03-30	http://news.cqu.edu.cn/newsv2/show-24-43-1.html
从近世走向近代――宋元变革论述要	文字斋讲座	王瑞来	2016-03-29	http://news.cqu.edu.cn/newsv2/show-24-34-1.html
教师教学发展中心面向全校师生举办“冥想与生活”工作坊	教师教学发展工作坊	章崇会	2016-03-29	http://news.cqu.edu.cn/newsv2/show-24-42-1.html
【创新基地?名家会客厅】名家会客厅讲座第168期预告：我国房地产业的发展与转型	名家会客厅	刘贵文	2016-03-25	http://news.cqu.edu.cn/newsv2/show-24-33-1.html
【3月25日】天然沉积土的结构性与评价方法	工程科学前沿讲坛	洪振舜	2016-03-25	http://news.cqu.edu.cn/newsv2/show-24-37-1.html
灾害管理规划学术讲座	重大讲座	肖渝	2016-03-24	http://news.cqu.edu.cn/newsv2/show-24-40-1.html
Life Cycle Assessment of Different Renewable Energy Sources		Kannan Govindan教授 南丹麦大学	2016-03-24	http://news.cqu.edu.cn/newsv2/show-24-38-1.html
关于举办职通讲坛第41期之中国一汽分享的通知	职通讲坛	娄崇	2016-03-24	http://news.cqu.edu.cn/newsv2/show-24-36-1.html
建管学院微讲坛第四讲开讲	建工讲坛	王林	2016-03-21	http://news.cqu.edu.cn/newsv2/show-24-39-1.html
【3月21日】地铁工程围岩分级研究与极限分析法进展	建工讲坛	郑颖人	2016-03-21	http://news.cqu.edu.cn/newsv2/show-24-35-1.html
经管学院举行黄桷树金融Seminar―第3期社会名流与企业家论坛	经管讲坛	曹子玮	2016-03-17	http://news.cqu.edu.cn/newsv2/show-24-32-1.html
【3月17日】黄桷树金融Seminar――社会名流与企业家论坛第3期		重庆市人民政府金融工作办公室副主任 曹子玮 博士	2016-03-17	http://news.cqu.edu.cn/newsv2/show-24-31-1.html
美国医疗政策的比较分析	公管讲坛	陈光宇（美国纽约布鲁克大学终身教授）	2016-03-17	http://news.cqu.edu.cn/newsv2/show-24-30-1.html
“城市与环境”国际讲坛――可持续建筑与环境		爱尔兰都柏林大学副校长Mark Richardson	2016-01-07	http://news.cqu.edu.cn/newsv2/show-24-29-1.html
