词汇,词频
研究,21
报告,17
拓扑,13
人,10
教授,10
学院,9
核酸,9
大学,8
报,7
告,7
生物学,7
技术,6
简介,6
博士,6
发表,6
论文,6
时间,6
西南,5
基金,5
昆虫,5
期刊,5
柑桔,4
应用,4
生物,4
作者,4
刊物,4
国际,4
硒,4
化学,4
创新,4
是,4
平台,4
科学,4
主,4
摩尔,4
实现,4
材料,4
导电,4
研究所,3
学术报告,3
题目,3
植物保护,3
博士后,3
担任,3
农业,3
研究院,3
药物,3
下午,3
地点,3
主办单位,3
生命科学,3
获得,3
杂志,3
系统,3
基因组学,3
多样性,3
近,3
讲,3
主讲人,3
领域专家,3
研究成果,3
权威,3
物理,3
超,3
晶格,3
通道,3
植物,2
脱毒,2
王乔春,2
时,2
上午,2
报告厅,2
西北农林科技大学,2
毕业,2
博士学位,2
芬兰,2
赫尔辛基大学,2
主要,2
从事,2
通讯,2
专家,2
编委,2
科协,2
学术,2
结构,2
疾病,2
黄震,2
药学院,2
协会,2
领域,2
包括,2
进行,2
德国,2
美国,2
主题,2
张峰,2
二楼,2
副教授,2
法国,2
弹尾纲,2
引智,2
基地,2
害虫,2
探索,2
撰写,2
部,2
专著,2
论坛,2
态,2
调控,2
办,2
形成,2
奇特,2
低,2
耗散,2
器件,2
阵列,2
新,1
机理,1
星期五,1
综合,1
大楼,1
楼,1
现任,1
园艺,1
二级,1
博士生,1
导师,1
以色列,1
希伯来,1
系,1
获,1
完成,1
生物系,1
任教授,1
任教,1
超低温,1
病毒学,1
代表,1
应,1
比尔盖茨,1
基金会,1
邀请,1
项目组,1
成员,1
低温,1
会,1
常务理事,1
挪威,1
国家,1
特聘,1
副主编,1
讲座,1
驱动,1
大,1
人畜,1
检测,1
星期四,1
教,1
校,1
乔治亚,1
州立大学,1
四川大学,1
瑞士,1
苏黎世,1
联邦,1
理工大学,1
哈佛大学医学院,1
杰克,1
·,1
邵斯,1
达克,1
诺贝尔,1
医学奖,1
课题组,1
美,1
主席,1
创始人,1
细胞,1
抗癌,1
分子生物学,1
小,1
分子,1
发现,1
精准,1
诊断,1
基因芯片,1
晶体结构,1
开创性,1
美国化学会,1
应用化学,1
专业,1
发表文章,1
独立,1
项,1
美国联邦政府,1
佐治亚州,1
政府,1
癌症,1
杰出,1
企业界,1
支持,1
项目,1
正在,1
申请,1
中国,1
欧洲,1
专利,1
发明,1
高通量,1
测序,1
星期六,1
教学楼,1
室,1
南京农业大学,1
南京大学,1
科学院,1
起源,1
进化,1
联合,1
培养,1
受邀,1
前往,1
国立,1
历史博物馆,1
合作,1
中国科学院动物研究所,1
在职,1
哥廷根大学,1
访问学者,1
方向,1
系统发育,1
形态,1
分类,1
土壤生物,1
宏,1
条形码,1
环境,1
身份,1
国内,1
核心,1
计划,1
系列,1
综合治理,1
相关,1
病虫害,1
持续,1
控制,1
基础,1
学科,1
超越,1
生态,1
好奇心,1
生物防治,1
营养,1
互作,1
佛罗里达,1
大学教授,1
木虱,1
防控,1
编辑,1
参于,1
审稿,1
前列腺素,1
新型,1
合成,1
途径,1
生理功能,1
安东,1
国立大学,1
免疫,1
参与,1
果蝇,1
神经,1
连通性,1
解剖学,1
方法,1
西弗尼吉亚,1
神经学,1
青年,1
学者,1
含弘,1
分,1
低维,1
奇异,1
会议室,1
麦吉尔,1
胡晨,1
人事处,1
承,1
内容摘要,1
边界,1
无,1
散射,1
未来,1
有着,1
广阔,1
前景,1
高效,1
得到,1
集成,1
大量,1
物理学,1
实际,1
备受,1
关注,1
关键问题,1
提出,1
普适,1
稳定,1
且,1
易于,1
即,1
利用,1
来,1
室温,1
高密度,1
理论,1
分析,1
第一性,1
原理,1
计算,1
表明,1
势,1
局域,1
序,1
调制,1
作用,1
引发,1
周期性,1
相变,1
导致,1
工作,1
体系,1
设计,1
纳米管,1
诱导,1
巨大,1
磁场,1
纳米线,1
圈,1
